<?xml version="1.0" encoding="UTF-8"?>
<con:soapui-project id="3bc1bed3-4f72-455f-8184-b8ab023d875a" activeEnvironment="Default" name="REST Project 3" resourceRoot="" soapui-version="5.5.0" xmlns:con="http://eviware.com/soapui/config"><con:settings/><con:interface xsi:type="con:RestService" id="c9f8668d-8d90-4e11-bbb2-08d6e9b07bd4" wadlVersion="http://wadl.dev.java.net/2009/02" name="http://216.10.245.166" type="rest" xmlns:xsi="http://www.w3.org/2001/XMLSchema-instance"><con:settings/><con:definitionCache type="TEXT" rootPart=""/><con:endpoints><con:endpoint>http://216.10.245.166</con:endpoint></con:endpoints><con:resource name="" path="" id="917d6565-c333-4dd3-983c-ced0da070a5e"><con:settings/><con:parameters/><con:resource name="json" path="/maps/api/place/add/json" id="75c9cb17-2536-4ae6-a611-6015184b19c1"><con:settings/><con:parameters><con:parameter><con:name>key</con:name><con:value/><con:style>QUERY</con:style><con:default/><con:description xsi:nil="true"/></con:parameter></con:parameters><con:method name="Method 1" id="b68c765e-b8b7-4c38-80c9-87640df93af9" method="POST"><con:settings/><con:parameters/><con:representation type="RESPONSE"><con:mediaType>application/json;charset=UTF-8</con:mediaType><con:status>200</con:status><con:params/><con:element xmlns:json="http://216.10.245.166/maps/api/place/add/json">json:Response</con:element></con:representation><con:representation type="REQUEST"><con:mediaType>application/json</con:mediaType><con:params/></con:representation><con:request name="Request 1" id="60920d3f-c570-4f95-8e8b-0f48c3a69b77" mediaType="application/json" postQueryString="false"><con:settings><con:setting id="com.eviware.soapui.impl.wsdl.WsdlRequest@request-headers">&lt;xml-fragment/></con:setting></con:settings><con:endpoint>http://216.10.245.166</con:endpoint><con:request>{

    "location":{

        "lat" : -38.383494,

        "lng" : 33.427362

    },

    "accuracy":50,

    "name":"Frontline house",

    "phone_number":"(+91) 983 893 3937",

    "address" : "29, side layout, cohen 09",

    "types": ["shoe park","shop"],

    "website" : "http://google.com",

    "language" : "French-IN"

}
</con:request><con:originalUri>http://216.10.245.166/maps/api/place/add/json</con:originalUri><con:credentials><con:authType>No Authorization</con:authType></con:credentials><con:jmsConfig JMSDeliveryMode="PERSISTENT"/><con:jmsPropertyConfig/><con:parameters><entry key="key" value="qaclick123" xmlns="http://eviware.com/soapui/config"/></con:parameters><con:parameterOrder><con:entry>key</con:entry></con:parameterOrder></con:request></con:method></con:resource></con:resource><con:resource name="json" path="/maps/api/place/delete/json" id="626a6322-fc25-49d3-b459-61d035d8f5c6"><con:settings/><con:parameters><con:parameter><con:name>key</con:name><con:value/><con:style>QUERY</con:style><con:default/><con:description xsi:nil="true"/></con:parameter></con:parameters><con:method name="Method 1" id="441761d6-60d9-481d-991e-84e1be190106" method="POST"><con:settings/><con:parameters/><con:representation type="RESPONSE"><con:mediaType>application/json;charset=UTF-8</con:mediaType><con:status>200</con:status><con:params/><con:element xmlns:json="http://216.10.245.166/maps/api/place/delete/json">json:Response</con:element></con:representation><con:representation type="REQUEST"><con:mediaType>application/json</con:mediaType><con:params/></con:representation><con:representation type="FAULT"><con:mediaType>application/json;charset=UTF-8</con:mediaType><con:status>404</con:status><con:params/><con:element xmlns:json="http://216.10.245.166/maps/api/place/delete/json">json:Fault</con:element></con:representation><con:request name="Request 1" id="b0892556-b51f-4fcf-9f50-36d30cc4e006" mediaType="application/json" postQueryString="false"><con:settings><con:setting id="com.eviware.soapui.impl.wsdl.WsdlRequest@request-headers">&lt;xml-fragment/></con:setting></con:settings><con:endpoint>http://216.10.245.166</con:endpoint><con:request>{
    "place_id":"8ee50e772d96871bca8c0415990c97da"          
}
</con:request><con:originalUri>http://216.10.245.166/maps/api/place/delete/json</con:originalUri><con:credentials><con:authType>No Authorization</con:authType></con:credentials><con:jmsConfig JMSDeliveryMode="PERSISTENT"/><con:jmsPropertyConfig/><con:parameters><entry key="key" value="qaclick123" xmlns="http://eviware.com/soapui/config"/></con:parameters><con:parameterOrder><con:entry>key</con:entry></con:parameterOrder></con:request></con:method></con:resource></con:interface><con:testSuite id="d9e9d0cf-a5a6-43f0-94bc-84bfeb6fba9a" name="E2E"><con:settings/><con:runType>SEQUENTIAL</con:runType><con:testCase id="7f0eeaad-f4bb-4edc-a851-2a5a1366036a" failOnError="true" failTestCaseOnErrors="true" keepSession="false" maxResults="0" name="AddDeletePlace" searchProperties="true"><con:settings/><con:testStep type="restrequest" name="Add" id="0c2b8d50-defe-4001-b325-5f38c5f43f56"><con:settings/><con:config service="http://216.10.245.166" resourcePath="/maps/api/place/add/json" methodName="Method 1" xsi:type="con:RestRequestStep" xmlns:xsi="http://www.w3.org/2001/XMLSchema-instance"><con:restRequest name="Add" id="60920d3f-c570-4f95-8e8b-0f48c3a69b77" mediaType="application/json" postQueryString="false"><con:settings><con:setting id="com.eviware.soapui.impl.wsdl.WsdlRequest@request-headers">&lt;xml-fragment/></con:setting></con:settings><con:endpoint>${#Project#baseurl}</con:endpoint><con:request>{

    "location":{

        "lat" : -38.383494,

        "lng" : 33.427362

    },

    "accuracy":50,

    "name":"Frontline house",

    "phone_number":"(+91) 983 893 3937",

    "address" : "29, side layout, cohen 09",

    "types": ["shoe park","shop"],

    "website" : "http://google.com",

    "language" : "French-IN"

}
</con:request><con:originalUri>http://216.10.245.166/maps/api/place/add/json</con:originalUri><con:credentials><con:authType>No Authorization</con:authType></con:credentials><con:jmsConfig JMSDeliveryMode="PERSISTENT"/><con:jmsPropertyConfig/><con:parameters><entry key="key" value="${#TestSuite#key}" xmlns="http://eviware.com/soapui/config"/></con:parameters><con:parameterOrder><con:entry>key</con:entry></con:parameterOrder></con:restRequest></con:config></con:testStep><con:testStep type="transfer" name="Property Transfer" id="eecb4f18-6a4e-4091-8839-069c7367b8fe"><con:settings/><con:config xsi:type="con:PropertyTransfersStep" xmlns:xsi="http://www.w3.org/2001/XMLSchema-instance"><con:transfers setNullOnMissingSource="true" transferTextContent="true" failOnError="true" ignoreEmpty="false" transferToAll="false" entitize="false" transferChildNodes="false"><con:name>place</con:name><con:sourceType>Response</con:sourceType><con:sourceStep>Add</con:sourceStep><con:sourcePath>place_id</con:sourcePath><con:targetType>Request</con:targetType><con:targetStep>Delete</con:targetStep><con:targetPath>place_id</con:targetPath><con:type>JSONPATH</con:type><con:targetTransferType>JSONPATH</con:targetTransferType><con:upgraded>true</con:upgraded></con:transfers></con:config></con:testStep><con:testStep type="restrequest" name="Delete" id="f372ffa3-2552-4050-838c-0d9e6d424c81"><con:settings/><con:config service="http://216.10.245.166" resourcePath="/maps/api/place/delete/json" methodName="Method 1" xsi:type="con:RestRequestStep" xmlns:xsi="http://www.w3.org/2001/XMLSchema-instance"><con:restRequest name="Delete" id="b0892556-b51f-4fcf-9f50-36d30cc4e006" mediaType="application/json" postQueryString="false"><con:settings><con:setting id="com.eviware.soapui.impl.wsdl.WsdlRequest@request-headers">&lt;xml-fragment/></con:setting></con:settings><con:endpoint>${#Project#baseurl}</con:endpoint><con:request>{"place_id": "5f067431c843a7e758e6c2cd904ed3b6"}</con:request><con:originalUri>http://216.10.245.166/maps/api/place/delete/json</con:originalUri><con:credentials><con:authType>No Authorization</con:authType></con:credentials><con:jmsConfig JMSDeliveryMode="PERSISTENT"/><con:jmsPropertyConfig/><con:parameters><entry key="key" value="${#TestSuite#key}" xmlns="http://eviware.com/soapui/config"/></con:parameters><con:parameterOrder><con:entry>key</con:entry></con:parameterOrder></con:restRequest></con:config></con:testStep><con:properties/></con:testCase><con:properties><con:property><con:name>baseurl</con:name><con:value>http://216.10.245.166</con:value></con:property><con:property><con:name>key</con:name><con:value>qaclick123</con:value></con:property></con:properties></con:testSuite><con:properties><con:property><con:name>baseurl</con:name><con:value>http://216.10.245.166</con:value></con:property></con:properties><con:wssContainer/><con:oAuth2ProfileContainer/><con:oAuth1ProfileContainer/><con:sensitiveInformation/></con:soapui-project>