<?xml version="1.0" encoding="UTF-8"?>
<con:soapui-project id="7b8f0c21-cda9-4c45-8470-fa6879819e8d" activeEnvironment="Default" name="Calculator" soapui-version="5.7.1" abortOnError="false" runType="SEQUENTIAL" xmlns:con="http://eviware.com/soapui/config"><con:settings/><con:interface xsi:type="con:WsdlInterface" id="6b4b82a4-8098-4437-9daf-3f8599cfbde8" wsaVersion="NONE" name="Calculator_x0020_Web_x0020_ServiceSoap" type="wsdl" bindingName="{http://tempuri.org/}Calculator_x0020_Web_x0020_ServiceSoap" soapVersion="1_1" anonymous="optional" definition="https://ecs.syr.edu/faculty/fawcett/Handouts/cse775/code/calcWebService/Calc.asmx?WSDL" xmlns:xsi="http://www.w3.org/2001/XMLSchema-instance"><con:settings/><con:definitionCache/><con:endpoints><con:endpoint>https://ecs.syr.edu/faculty/fawcett/Handouts/cse775/code/calcWebService/Calc.asmx</con:endpoint></con:endpoints><con:operation id="650653ba-ae06-4c89-9957-70b8bb36fe34" isOneWay="false" action="http://tempuri.org/Add" name="Add" bindingOperationName="Add" type="Request-Response" inputName="" receivesAttachments="false" sendsAttachments="false" anonymous="optional"><con:settings/><con:call id="3d5aa081-6a8b-4acc-9658-ac229aec87c1" name="Request 1"><con:settings/><con:encoding>UTF-8</con:encoding><con:endpoint>https://ecs.syr.edu/faculty/fawcett/Handouts/cse775/code/calcWebService/Calc.asmx</con:endpoint><con:request><![CDATA[<soapenv:Envelope xmlns:soapenv="http://schemas.xmlsoap.org/soap/envelope/" xmlns:tem="http://tempuri.org/">\r
   <soapenv:Header/>\r
   <soapenv:Body>\r
      <tem:Add>\r
         <tem:a>?</tem:a>\r
         <tem:b>?</tem:b>\r
      </tem:Add>\r
   </soapenv:Body>\r
</soapenv:Envelope>]]></con:request><con:wsaConfig mustUnderstand="NONE" version="200508" action="http://tempuri.org/Add"/></con:call></con:operation><con:operation id="72d65501-7336-48ab-8133-dfdb93dd72e9" isOneWay="false" action="http://tempuri.org/Subtract" name="Subtract" bindingOperationName="Subtract" type="Request-Response" inputName="" receivesAttachments="false" sendsAttachments="false" anonymous="optional"><con:settings/><con:call id="34dced32-e6d3-4d77-9878-ada3d7c4a5c1" name="Request 1"><con:settings/><con:encoding>UTF-8</con:encoding><con:endpoint>https://ecs.syr.edu/faculty/fawcett/Handouts/cse775/code/calcWebService/Calc.asmx</con:endpoint><con:request><![CDATA[<soapenv:Envelope xmlns:soapenv="http://schemas.xmlsoap.org/soap/envelope/" xmlns:tem="http://tempuri.org/">\r
   <soapenv:Header/>\r
   <soapenv:Body>\r
      <tem:Subtract>\r
         <tem:a>?</tem:a>\r
         <tem:b>?</tem:b>\r
      </tem:Subtract>\r
   </soapenv:Body>\r
</soapenv:Envelope>]]></con:request><con:wsaConfig mustUnderstand="NONE" version="200508" action="http://tempuri.org/Subtract"/></con:call></con:operation></con:interface><con:interface xsi:type="con:WsdlInterface" id="3abecb9a-f621-49eb-8a68-95dab61697f5" wsaVersion="NONE" name="Calculator_x0020_Web_x0020_ServiceSoap12" type="wsdl" bindingName="{http://tempuri.org/}Calculator_x0020_Web_x0020_ServiceSoap12" soapVersion="1_2" anonymous="optional" definition="https://ecs.syr.edu/faculty/fawcett/Handouts/cse775/code/calcWebService/Calc.asmx?WSDL" xmlns:xsi="http://www.w3.org/2001/XMLSchema-instance"><con:settings/><con:definitionCache type="TEXT" rootPart="https://ecs.syr.edu/faculty/fawcett/Handouts/cse775/code/calcWebService/Calc.asmx?WSDL"><con:part><con:url>https://ecs.syr.edu/faculty/fawcett/Handouts/cse775/code/calcWebService/Calc.asmx?WSDL</con:url><con:content><![CDATA[<wsdl:definitions targetNamespace="http://tempuri.org/" xmlns:tm="http://microsoft.com/wsdl/mime/textMatching/" xmlns:soapenc="http://schemas.xmlsoap.org/soap/encoding/" xmlns:mime="http://schemas.xmlsoap.org/wsdl/mime/" xmlns:tns="http://tempuri.org/" xmlns:soap="http://schemas.xmlsoap.org/wsdl/soap/" xmlns:s="http://www.w3.org/2001/XMLSchema" xmlns:soap12="http://schemas.xmlsoap.org/wsdl/soap12/" xmlns:http="http://schemas.xmlsoap.org/wsdl/http/" xmlns:wsdl="http://schemas.xmlsoap.org/wsdl/">
  <wsdl:documentation>Performs simple math over the Web</wsdl:documentation>
  <wsdl:types>
    <s:schema elementFormDefault="qualified" targetNamespace="http://tempuri.org/">
      <s:element name="Add">
        <s:complexType>
          <s:sequence>
            <s:element minOccurs="1" maxOccurs="1" name="a" type="s:int"/>
            <s:element minOccurs="1" maxOccurs="1" name="b" type="s:int"/>
          </s:sequence>
        </s:complexType>
      </s:element>
      <s:element name="AddResponse">
        <s:complexType>
          <s:sequence>
            <s:element minOccurs="1" maxOccurs="1" name="AddResult" type="s:int"/>
          </s:sequence>
        </s:complexType>
      </s:element>
      <s:element name="Subtract">
        <s:complexType>
          <s:sequence>
            <s:element minOccurs="1" maxOccurs="1" name="a" type="s:int"/>
            <s:element minOccurs="1" maxOccurs="1" name="b" type="s:int"/>
          </s:sequence>
        </s:complexType>
      </s:element>
      <s:element name="SubtractResponse">
        <s:complexType>
          <s:sequence>
            <s:element minOccurs="1" maxOccurs="1" name="SubtractResult" type="s:int"/>
          </s:sequence>
        </s:complexType>
      </s:element>
    </s:schema>
  </wsdl:types>
  <wsdl:message name="AddSoapIn">
    <wsdl:part name="parameters" element="tns:Add"/>
  </wsdl:message>
  <wsdl:message name="AddSoapOut">
    <wsdl:part name="parameters" element="tns:AddResponse"/>
  </wsdl:message>
  <wsdl:message name="SubtractSoapIn">
    <wsdl:part name="parameters" element="tns:Subtract"/>
  </wsdl:message>
  <wsdl:message name="SubtractSoapOut">
    <wsdl:part name="parameters" element="tns:SubtractResponse"/>
  </wsdl:message>
  <wsdl:portType name="Calculator_x0020_Web_x0020_ServiceSoap">
    <wsdl:operation name="Add">
      <wsdl:documentation>Computes the sum of two integers</wsdl:documentation>
      <wsdl:input message="tns:AddSoapIn"/>
      <wsdl:output message="tns:AddSoapOut"/>
    </wsdl:operation>
    <wsdl:operation name="Subtract">
      <wsdl:documentation>Computes the difference between two integers</wsdl:documentation>
      <wsdl:input message="tns:SubtractSoapIn"/>
      <wsdl:output message="tns:SubtractSoapOut"/>
    </wsdl:operation>
  </wsdl:portType>
  <wsdl:binding name="Calculator_x0020_Web_x0020_ServiceSoap" type="tns:Calculator_x0020_Web_x0020_ServiceSoap">
    <soap:binding transport="http://schemas.xmlsoap.org/soap/http"/>
    <wsdl:operation name="Add">
      <soap:operation soapAction="http://tempuri.org/Add" style="document"/>
      <wsdl:input>
        <soap:body use="literal"/>
      </wsdl:input>
      <wsdl:output>
        <soap:body use="literal"/>
      </wsdl:output>
    </wsdl:operation>
    <wsdl:operation name="Subtract">
      <soap:operation soapAction="http://tempuri.org/Subtract" style="document"/>
      <wsdl:input>
        <soap:body use="literal"/>
      </wsdl:input>
      <wsdl:output>
        <soap:body use="literal"/>
      </wsdl:output>
    </wsdl:operation>
  </wsdl:binding>
  <wsdl:binding name="Calculator_x0020_Web_x0020_ServiceSoap12" type="tns:Calculator_x0020_Web_x0020_ServiceSoap">
    <soap12:binding transport="http://schemas.xmlsoap.org/soap/http"/>
    <wsdl:operation name="Add">
      <soap12:operation soapAction="http://tempuri.org/Add" style="document"/>
      <wsdl:input>
        <soap12:body use="literal"/>
      </wsdl:input>
      <wsdl:output>
        <soap12:body use="literal"/>
      </wsdl:output>
    </wsdl:operation>
    <wsdl:operation name="Subtract">
      <soap12:operation soapAction="http://tempuri.org/Subtract" style="document"/>
      <wsdl:input>
        <soap12:body use="literal"/>
      </wsdl:input>
      <wsdl:output>
        <soap12:body use="literal"/>
      </wsdl:output>
    </wsdl:operation>
  </wsdl:binding>
  <wsdl:service name="Calculator_x0020_Web_x0020_Service">
    <wsdl:documentation>Performs simple math over the Web</wsdl:documentation>
    <wsdl:port name="Calculator_x0020_Web_x0020_ServiceSoap" binding="tns:Calculator_x0020_Web_x0020_ServiceSoap">
      <soap:address location="https://ecs.syr.edu/faculty/fawcett/Handouts/cse775/code/calcWebService/Calc.asmx"/>
    </wsdl:port>
    <wsdl:port name="Calculator_x0020_Web_x0020_ServiceSoap12" binding="tns:Calculator_x0020_Web_x0020_ServiceSoap12">
      <soap12:address location="https://ecs.syr.edu/faculty/fawcett/Handouts/cse775/code/calcWebService/Calc.asmx"/>
    </wsdl:port>
  </wsdl:service>
</wsdl:definitions>]]></con:content><con:type>http://schemas.xmlsoap.org/wsdl/</con:type></con:part></con:definitionCache><con:endpoints><con:endpoint>https://ecs.syr.edu/faculty/fawcett/Handouts/cse775/code/calcWebService/Calc.asmx</con:endpoint></con:endpoints><con:operation id="1bdb1442-db96-40df-b1df-f09a8d7cffd1" isOneWay="false" action="http://tempuri.org/Add" name="Add" bindingOperationName="Add" type="Request-Response" inputName="" receivesAttachments="false" sendsAttachments="false" anonymous="optional"><con:settings/><con:call id="20af11a1-7825-43e3-bdb1-36c98f9e9eaf" name="Request 1"><con:settings/><con:encoding>UTF-8</con:encoding><con:endpoint>https://ecs.syr.edu/faculty/fawcett/Handouts/cse775/code/calcWebService/Calc.asmx</con:endpoint><con:request><![CDATA[<soap:Envelope xmlns:soap="http://www.w3.org/2003/05/soap-envelope" xmlns:tem="http://tempuri.org/">\r
   <soap:Header/>\r
   <soap:Body>\r
      <tem:Add>\r
         <tem:a>?</tem:a>\r
         <tem:b>?</tem:b>\r
      </tem:Add>\r
   </soap:Body>\r
</soap:Envelope>]]></con:request><con:wsaConfig mustUnderstand="NONE" version="200508" action="http://tempuri.org/Calculator_x0020_Web_x0020_ServiceSoap/AddRequest"/></con:call></con:operation><con:operation id="e13948f0-0188-461f-9126-a9ac9af5e84a" isOneWay="false" action="http://tempuri.org/Subtract" name="Subtract" bindingOperationName="Subtract" type="Request-Response" inputName="" receivesAttachments="false" sendsAttachments="false" anonymous="optional"><con:settings/><con:call id="51a2ddba-4bd0-46ec-a8b2-14d9c09a4a12" name="Request 1"><con:settings/><con:encoding>UTF-8</con:encoding><con:endpoint>https://ecs.syr.edu/faculty/fawcett/Handouts/cse775/code/calcWebService/Calc.asmx</con:endpoint><con:request><![CDATA[<soap:Envelope xmlns:soap="http://www.w3.org/2003/05/soap-envelope" xmlns:tem="http://tempuri.org/">\r
   <soap:Header/>\r
   <soap:Body>\r
      <tem:Subtract>\r
         <tem:a>?</tem:a>\r
         <tem:b>?</tem:b>\r
      </tem:Subtract>\r
   </soap:Body>\r
</soap:Envelope>]]></con:request><con:wsaConfig mustUnderstand="NONE" version="200508" action="http://tempuri.org/Calculator_x0020_Web_x0020_ServiceSoap/SubtractRequest"/></con:call></con:operation></con:interface><con:properties/><con:wssContainer/><con:oAuth2ProfileContainer/><con:oAuth1ProfileContainer/></con:soapui-project>