<?xml version="1.0" encoding="UTF-8"?>
<con:soapui-project activeEnvironment="Default" name="Flickr" resourceRoot="" soapui-version="5.7.1" id="276e5ef9-8179-48e4-a815-cdb0bd8356ce" abortOnError="false" runType="SEQUENTIAL" xmlns:con="http://eviware.com/soapui/config"><con:settings/><con:interface xsi:type="con:RestService" wadlVersion="http://wadl.dev.java.net/2009/02" name="Flickr" type="rest" basePath="" id="0a38ad80-7a54-4091-b045-20c5ef575a63" xmlns:xsi="http://www.w3.org/2001/XMLSchema-instance"><con:settings/><con:definitionCache type="TEXT" rootPart=""/><con:endpoints><con:endpoint>http://api.flickr.com</con:endpoint></con:endpoints><con:resource name="services" path="services" id="ceff4f36-796f-4cc2-b4a7-6835c4400fa4"><con:settings/><con:parameters><con:parameter required="true"><con:name>method</con:name><con:value/><con:style>QUERY</con:style><con:default/><con:option>flickr.photos.search</con:option><con:option>flickr.groups.search</con:option><con:option>flickr.people.findByUsername</con:option><con:option>flickr.places.find</con:option><con:option>flickr.cameras.getBrands</con:option><con:option>flickr.interestingness.getList</con:option></con:parameter><con:parameter required="true"><con:name>api_key</con:name><con:value>${#Project#ApiKey}</con:value><con:style>QUERY</con:style><con:default>${#Project#ApiKey}</con:default></con:parameter></con:parameters><con:resource name="rest" path="rest" id="130ea242-02a3-4c8a-8a04-2bec1f502064"><con:settings/><con:parameters><con:parameter><con:name>format</con:name><con:value/><con:style>QUERY</con:style><con:default/><con:option>json</con:option><con:option>php_serial</con:option><con:option>xmlrpc</con:option><con:option>soap</con:option><con:option>rest</con:option></con:parameter><con:parameter><con:name>nojsoncallback</con:name><con:value/><con:style>QUERY</con:style><con:default/><con:option>1</con:option></con:parameter></con:parameters><con:method name="Photo Search" method="GET" id="de28e4c1-ba2d-4c25-a5a0-e1b842f4b866"><con:settings/><con:parameters><con:parameter><con:name>text</con:name><con:value/><con:style>QUERY</con:style><con:default/></con:parameter></con:parameters><con:representation type="FAULT"><con:mediaType>text/html; charset=UTF-8</con:mediaType><con:status>404</con:status><con:params/><con:element>html</con:element></con:representation><con:representation type="RESPONSE"><con:mediaType>text/xml; charset=utf-8</con:mediaType><con:status>200</con:status><con:params/><con:element>rsp</con:element></con:representation><con:representation type="RESPONSE"><con:mediaType>text/javascript; charset=utf-8</con:mediaType><con:status>200</con:status><con:params/></con:representation><con:representation type="RESPONSE"><con:mediaType>application/soap+xml; charset=utf-8</con:mediaType><con:status>200</con:status><con:params/><con:element xmlns:soap="http://www.w3.org/2003/05/soap-envelope">soap:Envelope</con:element></con:representation><con:request name="Request 1" mediaType="application/xml" id="53d8cef8-6f78-4d2d-aa7a-a757d43a0e04"><con:settings><con:setting id="com.eviware.soapui.impl.wsdl.WsdlRequest@request-headers">&lt;xml-fragment/></con:setting></con:settings><con:endpoint>http://api.flickr.com</con:endpoint><con:request/><con:credentials><con:authType>Global HTTP Settings</con:authType></con:credentials><con:jmsConfig JMSDeliveryMode="PERSISTENT"/><con:jmsPropertyConfig/><con:parameters>
  <con:entry key="text" value="soapui"/>
  <con:entry key="method" value="flickr.photos.search"/>
  <con:entry key="format" value="rest"/>
</con:parameters></con:request></con:method><con:method name="Group Search" method="GET" id="05525c67-febd-49f0-964a-3164f30d73b3"><con:settings/><con:parameters><con:parameter><con:name>text</con:name><con:value/><con:style>QUERY</con:style><con:type xmlns:xs="http://www.w3.org/2001/XMLSchema">xs:string</con:type><con:default/><con:path xsi:nil="true"/><con:description xsi:nil="true"/></con:parameter></con:parameters><con:representation type="RESPONSE"><con:mediaType>text/xml; charset=utf-8</con:mediaType><con:status>200</con:status><con:params/><con:element>rsp</con:element></con:representation><con:request name="Request 1" mediaType="application/xml" id="28ee7858-bdb1-4c4c-9235-78494bd5e7ca"><con:settings><con:setting id="com.eviware.soapui.impl.wsdl.WsdlRequest@request-headers">&lt;xml-fragment/></con:setting></con:settings><con:endpoint>http://api.flickr.com</con:endpoint><con:request/><con:credentials><con:authType>Global HTTP Settings</con:authType></con:credentials><con:jmsConfig JMSDeliveryMode="PERSISTENT"/><con:jmsPropertyConfig/><con:parameters>
  <con:entry key="text" value="leica"/>
  <con:entry key="method" value="flickr.groups.search"/>
</con:parameters></con:request></con:method><con:method name="Find User" method="GET" id="3f4037a3-672a-4aef-ab19-72995d1a5e79"><con:settings/><con:parameters><con:parameter><con:name>username</con:name><con:value/><con:style>QUERY</con:style><con:type xmlns:xs="http://www.w3.org/2001/XMLSchema">xs:string</con:type><con:default/><con:path xsi:nil="true"/><con:description xsi:nil="true"/></con:parameter></con:parameters><con:representation type="RESPONSE"><con:mediaType>text/xml; charset=utf-8</con:mediaType><con:status>200</con:status><con:params/><con:element>rsp</con:element></con:representation><con:request name="Request 1" mediaType="application/xml" id="4d4a7c78-1a9c-438f-9a83-964f1659cf05"><con:settings><con:setting id="com.eviware.soapui.impl.wsdl.WsdlRequest@request-headers">&lt;xml-fragment/></con:setting></con:settings><con:endpoint>http://api.flickr.com</con:endpoint><con:request/><con:credentials><con:authType>Global HTTP Settings</con:authType></con:credentials><con:jmsConfig JMSDeliveryMode="PERSISTENT"/><con:jmsPropertyConfig/><con:parameters>
  <con:entry key="username" value="olensmar"/>
  <con:entry key="method" value="flickr.people.findByUsername"/>
</con:parameters></con:request></con:method><con:method name="Find Places" method="GET" id="7e153554-7269-47c3-abb0-88b00a335bd6"><con:settings/><con:parameters><con:parameter><con:name>query</con:name><con:value/><con:style>QUERY</con:style><con:type xmlns:xs="http://www.w3.org/2001/XMLSchema">xs:string</con:type><con:default/><con:path xsi:nil="true"/><con:description xsi:nil="true"/></con:parameter></con:parameters><con:representation type="RESPONSE"><con:mediaType>text/xml; charset=utf-8</con:mediaType><con:status>200</con:status><con:params/><con:element>rsp</con:element></con:representation><con:representation type="RESPONSE"><con:mediaType>application/json</con:mediaType><con:status>200</con:status><con:params/><con:element xmlns:rest="http://api.flickr.com/services/rest">rest:Response</con:element></con:representation><con:request name="Request 1" mediaType="application/xml" id="6730473a-3e7c-4827-9a4b-ee95c6b0f3e8"><con:settings><con:setting id="com.eviware.soapui.impl.wsdl.WsdlRequest@request-headers">&lt;xml-fragment/></con:setting></con:settings><con:endpoint>http://api.flickr.com</con:endpoint><con:request/><con:credentials><con:authType>Global HTTP Settings</con:authType></con:credentials><con:jmsConfig JMSDeliveryMode="PERSISTENT"/><con:jmsPropertyConfig/><con:parameters>
  <con:entry key="query" value="stockholm"/>
  <con:entry key="method" value="flickr.places.find"/>
</con:parameters></con:request></con:method><con:method name="Get Cameras" method="GET" id="22e28161-631b-436b-8915-40026ef461ae"><con:settings/><con:parameters/><con:representation type="RESPONSE"><con:mediaType>text/xml; charset=utf-8</con:mediaType><con:status>200</con:status><con:params/><con:element>rsp</con:element></con:representation><con:representation type="RESPONSE"><con:mediaType>text/javascript; charset=utf-8</con:mediaType><con:status>200</con:status><con:params/></con:representation><con:representation type="RESPONSE"><con:mediaType>text/plain; charset=utf-8</con:mediaType><con:status>200</con:status><con:params/><con:element>data</con:element></con:representation><con:representation type="RESPONSE"><con:mediaType>application/soap+xml; charset=utf-8</con:mediaType><con:status>200</con:status><con:params/><con:element xmlns:soap="http://www.w3.org/2003/05/soap-envelope">soap:Envelope</con:element></con:representation><con:representation type="RESPONSE"><con:mediaType>application/json</con:mediaType><con:status>200</con:status><con:params/><con:element xmlns:rest="http://api.flickr.com/services/rest">rest:Response</con:element></con:representation><con:request name="Request 1" mediaType="application/xml" id="04a23ca9-d62d-40d9-9c45-441fbd5c919c"><con:settings><con:setting id="com.eviware.soapui.impl.wsdl.WsdlRequest@request-headers">&lt;xml-fragment/></con:setting></con:settings><con:endpoint>http://api.flickr.com</con:endpoint><con:request/><con:credentials><con:authType>Global HTTP Settings</con:authType></con:credentials><con:jmsConfig JMSDeliveryMode="PERSISTENT"/><con:jmsPropertyConfig/><con:parameters>
  <con:entry key="nojsoncallback" value="1"/>
  <con:entry key="method" value="flickr.cameras.getBrands"/>
  <con:entry key="format" value="php_serial"/>
</con:parameters></con:request></con:method><con:method name="Interestingness" method="GET" id="7e8cba52-421f-4f58-933b-4ad3d56874dd"><con:settings/><con:parameters/><con:representation type="RESPONSE"><con:mediaType>text/xml; charset=utf-8</con:mediaType><con:status>200</con:status><con:params/><con:element>rsp</con:element></con:representation><con:representation type="RESPONSE"><con:mediaType>application/json</con:mediaType><con:status>200</con:status><con:params/><con:element xmlns:rest="http://api.flickr.com/services/rest">rest:Response</con:element></con:representation><con:request name="Request 1" mediaType="application/xml" id="afe5cbfe-98fe-42a9-abaf-6daa4bc11265"><con:settings><con:setting id="com.eviware.soapui.impl.wsdl.WsdlRequest@request-headers">&lt;xml-fragment/></con:setting></con:settings><con:endpoint>http://api.flickr.com</con:endpoint><con:request/><con:credentials><con:authType>Global HTTP Settings</con:authType></con:credentials><con:jmsConfig JMSDeliveryMode="PERSISTENT"/><con:jmsPropertyConfig/><con:parameters>
  <con:entry key="nojsoncallback" value="1"/>
  <con:entry key="method" value="flickr.interestingness.getList"/>
  <con:entry key="format" value="json"/>
</con:parameters></con:request></con:method></con:resource></con:resource></con:interface><con:testSuite name="TestSuite" id="1a0e0545-74af-4272-ae2f-221d9cf33e88"><con:settings/><con:runType>SEQUENTIAL</con:runType><con:testCase failOnError="true" failTestCaseOnErrors="true" keepSession="false" maxResults="0" name="TestCase" searchProperties="true" id="731ad4bf-e60d-450a-ac48-9ddacccfe4b7"><con:description>Basic tests for Flickr API - including both authenticated and anonymous resources:
- First request makes sure the interestingness list always contains 100 entries (which it won't when a new day starts)
- Send request makes sure the specified user can be found
- Third request checks that "Nikon" is in the list of cameras
- Fourth request checks that there are photos available for "Stockholm"

see http://www.flickr.com/services/api/</con:description><con:settings><con:setting id="IncludeOverview">true</con:setting><con:setting id="IncludeResults">true</con:setting><con:setting id="FlowLayout">false</con:setting><con:setting id="ErrorDetails">true</con:setting><con:setting id="IncludeCoverage">true</con:setting></con:settings><con:testStep type="restrequest" name="Interestingness Request - JSON" id="1af81551-97cf-4dc1-a9b0-bc788b83e245"><con:settings/><con:config service="Flickr" resourcePath="/services/rest" methodName="Interestingness" xsi:type="con:RestRequestStep" xmlns:xsi="http://www.w3.org/2001/XMLSchema-instance"><con:restRequest name="Interestingness Request - JSON" mediaType="application/xml" id="a1332851-fe6b-4f09-9344-f2ff4b92836b"><con:settings><con:setting id="com.eviware.soapui.impl.wsdl.WsdlRequest@request-headers">&lt;xml-fragment/></con:setting></con:settings><con:endpoint>https://api.flickr.com</con:endpoint><con:request/><con:originalUri>https://api.flickr.com/services/rest</con:originalUri><con:assertion type="XPath Match" name="Check count of [e]" id="e69eb3a5-df6c-43dd-93d9-562cb0098958"><con:configuration><path>declare namespace ns1='https://api.flickr.com/services/rest';
count( //ns1:Response/ns1:photos/ns1:photo/ns1:e)</path><content>100</content><allowWildcards>false</allowWildcards><ignoreNamspaceDifferences>false</ignoreNamspaceDifferences><ignoreComments>false</ignoreComments></con:configuration></con:assertion><con:assertion type="JsonPath Match" id="8d1d98f4-16f7-433c-ab24-44545e238869" name="Photos Pages"><con:configuration><path>photos.pages</path><content>5</content><allowWildcards>false</allowWildcards><ignoreNamspaceDifferences>false</ignoreNamspaceDifferences><ignoreComments>false</ignoreComments></con:configuration></con:assertion><con:assertion type="JsonPath Match" id="d276d38a-727e-40eb-8de9-4eec06eadc35" name="stat"><con:configuration><path>stat</path><content>ok</content><allowWildcards>false</allowWildcards><ignoreNamspaceDifferences>false</ignoreNamspaceDifferences><ignoreComments>false</ignoreComments></con:configuration></con:assertion><con:assertion type="JsonPath Count" id="4747c3c1-c4ca-479f-ae02-d1820de68698" name="Photos Photo"><con:configuration><path>photos.photo</path><content>100</content><allowWildcards>false</allowWildcards><ignoreNamspaceDifferences>false</ignoreNamspaceDifferences><ignoreComments>false</ignoreComments></con:configuration></con:assertion><con:assertion type="JsonPath Match" id="a624a030-734d-4e95-9b84-0e8bc59f45c9" name="Using Index Line farm"><con:configuration><path>photos.photo[44].farm</path><content>66</content><allowWildcards>false</allowWildcards><ignoreNamspaceDifferences>false</ignoreNamspaceDifferences><ignoreComments>false</ignoreComments></con:configuration></con:assertion><con:assertion type="JsonPath Match" id="35237d18-de41-45e4-a05e-960760c7fd32" name="Using id Sec title"><con:configuration><path>photos.photo[?(@.id=='53176193105')].title</path><content>[]</content><allowWildcards>false</allowWildcards><ignoreNamspaceDifferences>false</ignoreNamspaceDifferences><ignoreComments>false</ignoreComments></con:configuration></con:assertion><con:assertion type="JsonPath Existence Match" id="52ee18ca-094a-4f06-8ef4-2b3338f39e19" name="JsonPath Existence extra explore_date"><con:configuration><path>extra.explore_date</path><content>true</content><allowWildcards>false</allowWildcards><ignoreNamspaceDifferences>false</ignoreNamspaceDifferences><ignoreComments>false</ignoreComments></con:configuration></con:assertion><con:credentials><con:selectedAuthProfile>Basic</con:selectedAuthProfile><con:addedBasicAuthenticationTypes>Basic</con:addedBasicAuthenticationTypes><con:authType>Global HTTP Settings</con:authType></con:credentials><con:jmsConfig JMSDeliveryMode="PERSISTENT"/><con:jmsPropertyConfig/><con:parameters>
  <con:entry key="method" value="flickr.interestingness.getList"/>
  <con:entry key="format" value="json"/>
  <con:entry key="nojsoncallback" value="1"/>
</con:parameters></con:restRequest></con:config></con:testStep><con:testStep type="restrequest" name="Find User Request - REST" id="c316d417-69fd-461a-b08e-9aa0ed607ac6"><con:settings/><con:config service="Flickr" resourcePath="/services/rest" methodName="Find User" xsi:type="con:RestRequestStep" xmlns:xsi="http://www.w3.org/2001/XMLSchema-instance"><con:restRequest name="Find User Request - REST" mediaType="application/xml" id="3551c68a-d2e5-43a0-8cc6-a24cb42a2d0a"><con:settings><con:setting id="com.eviware.soapui.impl.wsdl.WsdlRequest@request-headers">&lt;xml-fragment/></con:setting></con:settings><con:endpoint>http://api.flickr.com</con:endpoint><con:request/><con:assertion type="XPath Match" name="Match content of [rsp]" id="6cddf533-a77a-45ee-92e2-df9c4f83231a"><con:configuration><path>//rsp[1]</path><content><![CDATA[<rsp stat="ok">
  <user id="42340368@N08" nsid="42340368@N08">
    <username>olensmar</username>
  </user>
</rsp>]]></content><allowWildcards>false</allowWildcards><ignoreNamspaceDifferences>false</ignoreNamspaceDifferences><ignoreComments>false</ignoreComments></con:configuration></con:assertion><con:credentials><con:authType>Global HTTP Settings</con:authType></con:credentials><con:jmsConfig JMSDeliveryMode="PERSISTENT"/><con:jmsPropertyConfig/><con:parameters>
  <con:entry key="username" value="olensmar"/>
  <con:entry key="method" value="flickr.people.findByUsername"/>
  <con:entry key="format" value="rest"/>
</con:parameters></con:restRequest></con:config></con:testStep><con:testStep type="restrequest" name="Get Cameras - SOAP" id="56735568-e94f-4fef-a544-d4da66db19bd"><con:settings/><con:config service="Flickr" resourcePath="/services/rest" methodName="Get Cameras" xsi:type="con:RestRequestStep" xmlns:xsi="http://www.w3.org/2001/XMLSchema-instance"><con:restRequest name="Get Cameras - SOAP" mediaType="application/xml" id="fe94725f-572e-47fb-9bc6-225cf8bdfccd"><con:settings><con:setting id="com.eviware.soapui.impl.wsdl.WsdlRequest@request-headers">&lt;xml-fragment/></con:setting></con:settings><con:endpoint>http://api.flickr.com</con:endpoint><con:request/><con:assertion type="Simple Contains" name="Contains" id="5584848d-3279-407c-a822-bfc1dc857056"><con:configuration><token>&lt;brand id="nikon" name="Nikon" /></token><ignoreCase>false</ignoreCase><useRegEx>false</useRegEx></con:configuration></con:assertion><con:credentials><con:authType>Global HTTP Settings</con:authType></con:credentials><con:jmsConfig JMSDeliveryMode="PERSISTENT"/><con:jmsPropertyConfig/><con:parameters>
  <con:entry key="nojsoncallback" value="1"/>
  <con:entry key="method" value="flickr.cameras.getBrands"/>
  <con:entry key="format" value="soap"/>
</con:parameters></con:restRequest></con:config></con:testStep><con:testStep type="restrequest" name="Find Places - JSON" id="43cb7d3f-ae56-474a-b748-2aa10989dfa7"><con:settings/><con:config service="Flickr" resourcePath="/services/rest" methodName="Find Places" xsi:type="con:RestRequestStep" xmlns:xsi="http://www.w3.org/2001/XMLSchema-instance"><con:restRequest name="Find Places - JSON" mediaType="application/xml" accept="" id="235f2bfe-5145-4908-858e-aca82e2dfe21"><con:settings><con:setting id="com.eviware.soapui.impl.wsdl.WsdlRequest@request-headers">&lt;xml-fragment/></con:setting></con:settings><con:endpoint>http://api.flickr.com</con:endpoint><con:request/><con:assertion type="XPath Match" name="Check for existance of [e]" id="0c95451a-8fe6-4662-ac7f-51688057c1f1"><con:configuration><path>declare namespace ns1='http://api.flickr.com/services/rest';
exists( //ns1:Response/ns1:places/ns1:place/ns1:e)</path><content>true</content><allowWildcards>false</allowWildcards><ignoreNamspaceDifferences>false</ignoreNamspaceDifferences><ignoreComments>false</ignoreComments></con:configuration></con:assertion><con:credentials><con:authType>Global HTTP Settings</con:authType></con:credentials><con:jmsConfig JMSDeliveryMode="PERSISTENT"/><con:jmsPropertyConfig/><con:parameters>
  <con:entry key="query" value="stockholm"/>
  <con:entry key="nojsoncallback" value="1"/>
  <con:entry key="method" value="flickr.places.find"/>
  <con:entry key="format" value="json"/>
</con:parameters></con:restRequest></con:config></con:testStep><con:properties><con:property><con:name>temp</con:name><con:value/></con:property></con:properties><con:reportParameters/></con:testCase><con:properties/><con:reportParameters/></con:testSuite><con:requirements/><con:properties><con:property><con:name>ApiKey</con:name><con:value>ffd22ab628f084375a68ebc305427d59</con:value></con:property></con:properties><con:wssContainer/><con:databaseConnectionContainer/><con:oAuth2ProfileContainer/><con:oAuth1ProfileContainer/><con:reporting><con:reportTemplates/><con:xmlTemplates/><con:parameters/></con:reporting><con:sensitiveInformation/></con:soapui-project>