<?xml version="1.0" encoding="UTF-8"?>
<con:soapui-project id="8c44f661-cd91-4d45-a7af-83e469f6211b" activeEnvironment="Default" name="Maps API" resourceRoot="" soapui-version="5.7.0" abortOnError="false" runType="SEQUENTIAL" xmlns:con="http://eviware.com/soapui/config"><con:settings/><con:interface xsi:type="con:RestService" id="b9fba90b-a5d4-42e3-8fc5-5079172af593" wadlVersion="http://wadl.dev.java.net/2009/02" name="https://rahulshettyacademy.com" type="rest" xmlns:xsi="http://www.w3.org/2001/XMLSchema-instance"><con:settings/><con:definitionCache type="TEXT" rootPart=""/><con:endpoints><con:endpoint>https://rahulshettyacademy.com</con:endpoint></con:endpoints><con:resource name="ADD Place" path="/maps/api/place/add/json" id="7d010d1f-f9ee-485d-b544-27ba63d39281"><con:settings/><con:parameters><con:parameter><con:name>key</con:name><con:value/><con:style>QUERY</con:style><con:default/><con:description xsi:nil="true"/></con:parameter></con:parameters><con:method name="addPlacePostCall" id="96562f73-4d79-4d79-9ab0-47c9c32874a5" method="POST"><con:settings/><con:parameters/><con:representation type="REQUEST"><con:mediaType>application/json</con:mediaType><con:params/></con:representation><con:representation type="RESPONSE"><con:mediaType>application/json;charset=UTF-8</con:mediaType><con:status>200</con:status><con:params/><con:element xmlns:json="https://rahulshettyacademy.com/maps/api/place/add/json">json:Response</con:element></con:representation><con:request name="Request 1" id="4d13ad6c-6f34-4088-ab25-253128ae53be" mediaType="application/json" postQueryString="false"><con:settings><con:setting id="com.eviware.soapui.impl.wsdl.WsdlRequest@request-headers">&lt;xml-fragment/></con:setting></con:settings><con:endpoint>https://rahulshettyacademy.com</con:endpoint><con:request>{
  "location": {
    "lat": -38.383494,
    "lng": 33.427362
  },
  "accuracy": 50,
  "name": "Frontline house",
  "phone_number": "(+91) 983 893 3937",
  "address": "29, side layout, cohen 09",
  "types": [
    "shoe park",
    "shop"
  ],
  "website": "http://google.com",
  "language": "French-IN"
}
</con:request><con:originalUri>https://rahulshettyacademy.com/maps/api/place/add/json</con:originalUri><con:credentials><con:authType>No Authorization</con:authType></con:credentials><con:jmsConfig JMSDeliveryMode="PERSISTENT"/><con:jmsPropertyConfig/><con:parameters><entry key="key" value="qaclick123" xmlns="http://eviware.com/soapui/config"/></con:parameters><con:parameterOrder><con:entry>key</con:entry></con:parameterOrder></con:request></con:method></con:resource><con:resource name="json" path="/maps/api/place/get/json" id="d4561809-5b26-4567-95c8-ce1a64a7cc58"><con:settings/><con:parameters><con:parameter><con:name>key</con:name><con:value/><con:style>QUERY</con:style><con:default/><con:description xsi:nil="true"/></con:parameter><con:parameter><con:name>place_id</con:name><con:value/><con:style>QUERY</con:style><con:default/><con:description xsi:nil="true"/></con:parameter></con:parameters><con:method name="GET PLACE" id="35d46929-369b-4030-8dac-addc288119dd" method="GET"><con:settings/><con:parameters/><con:representation type="RESPONSE"><con:mediaType>application/json;charset=UTF-8</con:mediaType><con:status>200</con:status><con:params/><con:element xmlns:json="https://rahulshettyacademy.com/maps/api/place/get/json">json:Response</con:element></con:representation><con:representation type="FAULT"><con:mediaType>application/json;charset=UTF-8</con:mediaType><con:status>404</con:status><con:params/><con:element xmlns:json="https://rahulshettyacademy.com/maps/api/place/get/json">json:Fault</con:element></con:representation><con:request name="Request 1" id="da84d975-2584-4aba-8742-87887b17aa3a" mediaType="application/json"><con:settings><con:setting id="com.eviware.soapui.impl.wsdl.WsdlRequest@request-headers">&lt;xml-fragment/></con:setting></con:settings><con:endpoint>https://rahulshettyacademy.com</con:endpoint><con:request/><con:originalUri>https://rahulshettyacademy.com/maps/api/place/get/json</con:originalUri><con:credentials><con:authType>No Authorization</con:authType></con:credentials><con:jmsConfig JMSDeliveryMode="PERSISTENT"/><con:jmsPropertyConfig/><con:parameters>
  <con:entry key="key" value="qaclick123"/>
  <con:entry key="place_id" value="cbfbd2d1efcb20af967ae96fb136fc93"/>
</con:parameters><con:parameterOrder><con:entry>key</con:entry><con:entry>place_id</con:entry></con:parameterOrder></con:request></con:method></con:resource><con:resource name="json" path="/maps/api/place/update/json" id="981c774e-2ba2-45f0-b116-7bccb0bfd510"><con:settings/><con:parameters><con:parameter><con:name>key</con:name><con:value/><con:style>QUERY</con:style><con:default/><con:description xsi:nil="true"/></con:parameter></con:parameters><con:method name="Update Place" id="708143f1-62a5-4bed-a6e2-25e35fab3213" method="PUT"><con:settings/><con:parameters/><con:representation type="RESPONSE"><con:mediaType>application/json;charset=UTF-8</con:mediaType><con:status>200</con:status><con:params/><con:element xmlns:json="https://rahulshettyacademy.com/maps/api/place/update/json">json:Response</con:element></con:representation><con:representation type="REQUEST"><con:mediaType>application/json</con:mediaType><con:params/></con:representation><con:request name="Request 1" id="353d0bb5-08ab-4838-9a66-0fdc07db521e" mediaType="application/json" postQueryString="false"><con:settings><con:setting id="com.eviware.soapui.impl.wsdl.WsdlRequest@request-headers">&lt;xml-fragment/></con:setting></con:settings><con:endpoint>https://rahulshettyacademy.com</con:endpoint><con:request>{
"place_id":"cbfbd2d1efcb20af967ae96fb136fc93",
"address":"70 winter walk, USA",
"key":"qaclick123"
}
</con:request><con:originalUri>https://rahulshettyacademy.com/maps/api/place/update/json</con:originalUri><con:credentials><con:authType>No Authorization</con:authType></con:credentials><con:jmsConfig JMSDeliveryMode="PERSISTENT"/><con:jmsPropertyConfig/><con:parameters><entry key="key" value="qaclick123" xmlns="http://eviware.com/soapui/config"/></con:parameters><con:parameterOrder><con:entry>key</con:entry></con:parameterOrder></con:request></con:method></con:resource><con:resource name="json" path="/maps/api/place/delete/json" id="5816b89c-97fb-4f0f-b07c-529449d520bd"><con:settings/><con:parameters><con:parameter><con:name>key</con:name><con:value/><con:style>QUERY</con:style><con:default/><con:description xsi:nil="true"/></con:parameter></con:parameters><con:method name="Method 1" id="3419caa0-96fd-4467-a2c2-f2dd71a11511" method="POST"><con:settings/><con:parameters/><con:representation type="RESPONSE"><con:mediaType>application/json;charset=UTF-8</con:mediaType><con:status>200</con:status><con:params/><con:element xmlns:json="https://rahulshettyacademy.com/maps/api/place/delete/json">json:Response</con:element></con:representation><con:representation type="REQUEST"><con:mediaType>application/json</con:mediaType><con:params/></con:representation><con:request name="Request 1" id="5ad23253-e3c5-4cf7-9a32-d9795126cf3e" mediaType="application/json" postQueryString="false"><con:settings><con:setting id="com.eviware.soapui.impl.wsdl.WsdlRequest@request-headers">&lt;xml-fragment/></con:setting></con:settings><con:endpoint>https://rahulshettyacademy.com</con:endpoint><con:request>{
    "place_id":"cbfbd2d1efcb20af967ae96fb136fc93"
}
</con:request><con:originalUri>https://rahulshettyacademy.com/maps/api/place/delete/json</con:originalUri><con:credentials><con:authType>No Authorization</con:authType></con:credentials><con:jmsConfig JMSDeliveryMode="PERSISTENT"/><con:jmsPropertyConfig/><con:parameters><entry key="key" value="qaclick123" xmlns="http://eviware.com/soapui/config"/></con:parameters><con:parameterOrder><con:entry>key</con:entry></con:parameterOrder></con:request></con:method></con:resource></con:interface><con:testSuite id="99e2f825-d3c5-40ac-846a-8955bca16b4a" name="E2ETesting"><con:settings/><con:runType>SEQUENTIAL</con:runType><con:testCase id="3cd68c95-1525-4860-a836-91b84d0c4f7f" failOnError="true" failTestCaseOnErrors="true" keepSession="false" maxResults="0" name="HAppyPath" searchProperties="true"><con:settings/><con:testStep type="restrequest" name="Add Place" id="80f01066-3bdc-4fa7-948f-12a1359af75c"><con:settings/><con:config service="https://rahulshettyacademy.com" resourcePath="/maps/api/place/add/json" methodName="addPlacePostCall" xsi:type="con:RestRequestStep" xmlns:xsi="http://www.w3.org/2001/XMLSchema-instance"><con:restRequest name="Add Place" id="4d13ad6c-6f34-4088-ab25-253128ae53be" mediaType="application/json" postQueryString="false"><con:settings><con:setting id="com.eviware.soapui.impl.wsdl.WsdlRequest@request-headers">&lt;xml-fragment/></con:setting></con:settings><con:endpoint>https://rahulshettyacademy.com</con:endpoint><con:request>{
  "location": {
    "lat": -38.383494,
    "lng": 33.427362
  },
  "accuracy": 50,
  "name": "Frontline house",
  "phone_number": "(+91) 983 893 3937",
  "address": "29, side layout, cohen 09",
  "types": [
    "shoe park",
    "shop"
  ],
  "website": "http://google.com",
  "language": "French-IN"
}
</con:request><con:originalUri>https://rahulshettyacademy.com/maps/api/place/add/json</con:originalUri><con:assertion type="Simple Contains" id="2e12ef14-71cd-4f0e-acbf-9a68b7435ecb" name="Contains"><con:configuration><token>OK</token><ignoreCase>false</ignoreCase><useRegEx>false</useRegEx></con:configuration></con:assertion><con:assertion type="JsonPath Existence Match" id="b8978bda-e1ee-4687-9992-733629a8e41f" name="JsonPath Existence Match"><con:configuration><path>place_id</path><content>true</content><allowWildcards>false</allowWildcards><ignoreNamspaceDifferences>false</ignoreNamspaceDifferences><ignoreComments>false</ignoreComments></con:configuration></con:assertion><con:assertion type="Invalid HTTP Status Codes" id="f53e8723-d756-441c-acb1-d0c14369e773" name="Invalid HTTP Status Codes"><con:configuration><codes/></con:configuration></con:assertion><con:assertion type="Valid HTTP Status Codes" id="da557030-2b41-4d4c-8af1-9e3ef9d6ab3b" name="Valid HTTP Status Codes"><con:configuration><codes>200</codes></con:configuration></con:assertion><con:assertion type="GroovyScriptAssertion" id="eff8460b-3e59-4ce2-8faa-678f887db8ab" name="Script Assertion"><con:configuration><scriptText>import groovy.json.JsonSlurper

def response = messageExchange.response.responseContent
def json =new JsonSlurper()
def jsonParser = json.parseText(response)

log.info jsonParser.place_id
assert jsonParser.status == "OK"

context.getTestCase().setPropertyValue("place_id",jsonParser.place_id)

</scriptText></con:configuration></con:assertion><con:credentials><con:authType>No Authorization</con:authType></con:credentials><con:jmsConfig JMSDeliveryMode="PERSISTENT"/><con:jmsPropertyConfig/><con:parameters><entry key="key" value="qaclick123" xmlns="http://eviware.com/soapui/config"/></con:parameters><con:parameterOrder><con:entry>key</con:entry></con:parameterOrder></con:restRequest></con:config></con:testStep><con:properties><con:property><con:name>place_id</con:name><con:value>f194e0787f1b1f5966ac99b269fea54f</con:value></con:property></con:properties></con:testCase><con:properties/></con:testSuite><con:properties/><con:wssContainer/><con:oAuth2ProfileContainer/><con:oAuth1ProfileContainer/></con:soapui-project>