<?xml version="1.0" encoding="UTF-8"?>
<con:soapui-project id="30d3d0ac-7335-4c50-bc52-6f1d5657f3f9" activeEnvironment="Default" name="NumberConversion" resourceRoot="${projectDir}" soapui-version="5.7.1" abortOnError="false" runType="SEQUENTIAL" xmlns:con="http://eviware.com/soapui/config"><con:settings><con:setting id="com.eviware.soapui.impl.wsdl.actions.iface.tools.soapui.TestRunnerAction@values-local"><![CDATA[<xml-fragment xmlns:con="http://eviware.com/soapui/config">
  <con:entry key="Report Format(s)" value=""/>
  <con:entry key="Host:Port" value=""/>
  <con:entry key="Export JUnit Results" value="false"/>
  <con:entry key="Export All" value="false"/>
  <con:entry key="Save After" value="false"/>
  <con:entry key="Add Settings" value="false"/>
  <con:entry key="WSS Password Type" value=""/>
  <con:entry key="TestSuite" value="&lt;all>"/>
  <con:entry key="Endpoint" value=""/>
  <con:entry key="Select Report Type" value=""/>
  <con:entry key="System Properties" value=""/>
  <con:entry key="Password" value=""/>
  <con:entry key="Print Report" value="false"/>
  <con:entry key="Open Report" value="false"/>
  <con:entry key="Export JUnit Results with test properties" value="false"/>
  <con:entry key="Global Properties" value=""/>
  <con:entry key="Project Properties" value=""/>
  <con:entry key="Project Password" value=""/>
  <con:entry key="TestCase" value="&lt;all>"/>
  <con:entry key="Username" value=""/>
  <con:entry key="user-settings.xml Password" value=""/>
  <con:entry key="TestRunner Path" value=""/>
  <con:entry key="Environment" value="Default"/>
  <con:entry key="Coverage Report" value="false"/>
  <con:entry key="Enable UI" value="false"/>
  <con:entry key="Root Folder" value=""/>
  <con:entry key="Ignore Errors" value="false"/>
  <con:entry key="Domain" value=""/>
  <con:entry key="Tool Args" value=""/>
  <con:entry key="Save Project" value="false"/>
</xml-fragment>]]></con:setting></con:settings><con:interface xsi:type="con:WsdlInterface" id="19f08a94-f328-4353-bc4c-203e86305b14" wsaVersion="NONE" name="NumberConversionSoapBinding" type="wsdl" bindingName="{http://www.dataaccess.com/webservicesserver/}NumberConversionSoapBinding" soapVersion="1_1" anonymous="optional" definition="https://www.dataaccess.com/webservicesserver/NumberConversion.wso?WSDL" xmlns:xsi="http://www.w3.org/2001/XMLSchema-instance"><con:settings/><con:definitionCache/><con:endpoints><con:endpoint>https://www.dataaccess.com/webservicesserver/NumberConversion.wso</con:endpoint></con:endpoints><con:operation id="1f2d21b6-439f-4e17-9d5b-180d6a0d5165" isOneWay="false" action="" name="NumberToDollars" bindingOperationName="NumberToDollars" type="Request-Response" inputName="" receivesAttachments="false" sendsAttachments="false" anonymous="optional"><con:settings/><con:call id="fd8d224c-676d-4ffa-8680-b114ce12372c" name="Request 1"><con:settings/><con:encoding>UTF-8</con:encoding><con:endpoint>https://www.dataaccess.com/webservicesserver/NumberConversion.wso</con:endpoint><con:request><![CDATA[<soapenv:Envelope xmlns:soapenv="http://schemas.xmlsoap.org/soap/envelope/" xmlns:web="http://www.dataaccess.com/webservicesserver/">\r
   <soapenv:Header/>\r
   <soapenv:Body>\r
      <web:NumberToDollars>\r
         <web:dNum>?</web:dNum>\r
      </web:NumberToDollars>\r
   </soapenv:Body>\r
</soapenv:Envelope>]]></con:request><con:wsaConfig mustUnderstand="NONE" version="200508" action="http://www.dataaccess.com/webservicesserver/NumberConversionSoapType/NumberToDollarsRequest"/></con:call></con:operation><con:operation id="71064c6d-f3c7-490f-a8a8-47cad99f6a52" isOneWay="false" action="" name="NumberToWords" bindingOperationName="NumberToWords" type="Request-Response" inputName="" receivesAttachments="false" sendsAttachments="false" anonymous="optional"><con:settings/><con:call id="b7161abd-3fdd-4650-aa9f-2957873d7369" name="Request 1"><con:settings/><con:encoding>UTF-8</con:encoding><con:endpoint>https://www.dataaccess.com/webservicesserver/NumberConversion.wso</con:endpoint><con:request><![CDATA[<soapenv:Envelope xmlns:soapenv="http://schemas.xmlsoap.org/soap/envelope/" xmlns:web="http://www.dataaccess.com/webservicesserver/">\r
   <soapenv:Header/>\r
   <soapenv:Body>\r
      <web:NumberToWords>\r
         <web:ubiNum>?</web:ubiNum>\r
      </web:NumberToWords>\r
   </soapenv:Body>\r
</soapenv:Envelope>]]></con:request><con:wsaConfig mustUnderstand="NONE" version="200508" action="http://www.dataaccess.com/webservicesserver/NumberConversionSoapType/NumberToWordsRequest"/></con:call></con:operation></con:interface><con:interface xsi:type="con:WsdlInterface" id="2b82855f-8255-46b8-aa0a-ffb678f7c6f3" wsaVersion="NONE" name="NumberConversionSoapBinding12" type="wsdl" bindingName="{http://www.dataaccess.com/webservicesserver/}NumberConversionSoapBinding12" soapVersion="1_2" anonymous="optional" definition="https://www.dataaccess.com/webservicesserver/NumberConversion.wso?WSDL" xmlns:xsi="http://www.w3.org/2001/XMLSchema-instance"><con:settings/><con:definitionCache type="TEXT" rootPart="https://www.dataaccess.com/webservicesserver/NumberConversion.wso?WSDL"><con:part><con:url>https://www.dataaccess.com/webservicesserver/NumberConversion.wso?WSDL</con:url><con:content><![CDATA[<definitions name="NumberConversion" targetNamespace="http://www.dataaccess.com/webservicesserver/" xmlns="http://schemas.xmlsoap.org/wsdl/" xmlns:xs="http://www.w3.org/2001/XMLSchema" xmlns:soap="http://schemas.xmlsoap.org/wsdl/soap/" xmlns:soap12="http://schemas.xmlsoap.org/wsdl/soap12/" xmlns:tns="http://www.dataaccess.com/webservicesserver/">
  <types>
    <xs:schema elementFormDefault="qualified" targetNamespace="http://www.dataaccess.com/webservicesserver/">
      <xs:element name="NumberToWords">
        <xs:complexType>
          <xs:sequence>
            <xs:element name="ubiNum" type="xs:unsignedLong"/>
          </xs:sequence>
        </xs:complexType>
      </xs:element>
      <xs:element name="NumberToWordsResponse">
        <xs:complexType>
          <xs:sequence>
            <xs:element name="NumberToWordsResult" type="xs:string"/>
          </xs:sequence>
        </xs:complexType>
      </xs:element>
      <xs:element name="NumberToDollars">
        <xs:complexType>
          <xs:sequence>
            <xs:element name="dNum" type="xs:decimal"/>
          </xs:sequence>
        </xs:complexType>
      </xs:element>
      <xs:element name="NumberToDollarsResponse">
        <xs:complexType>
          <xs:sequence>
            <xs:element name="NumberToDollarsResult" type="xs:string"/>
          </xs:sequence>
        </xs:complexType>
      </xs:element>
    </xs:schema>
  </types>
  <message name="NumberToWordsSoapRequest">
    <part name="parameters" element="tns:NumberToWords"/>
  </message>
  <message name="NumberToWordsSoapResponse">
    <part name="parameters" element="tns:NumberToWordsResponse"/>
  </message>
  <message name="NumberToDollarsSoapRequest">
    <part name="parameters" element="tns:NumberToDollars"/>
  </message>
  <message name="NumberToDollarsSoapResponse">
    <part name="parameters" element="tns:NumberToDollarsResponse"/>
  </message>
  <portType name="NumberConversionSoapType">
    <operation name="NumberToWords">
      <documentation>Returns the word corresponding to the positive number passed as parameter. Limited to quadrillions.</documentation>
      <input message="tns:NumberToWordsSoapRequest"/>
      <output message="tns:NumberToWordsSoapResponse"/>
    </operation>
    <operation name="NumberToDollars">
      <documentation>Returns the non-zero dollar amount of the passed number.</documentation>
      <input message="tns:NumberToDollarsSoapRequest"/>
      <output message="tns:NumberToDollarsSoapResponse"/>
    </operation>
  </portType>
  <binding name="NumberConversionSoapBinding" type="tns:NumberConversionSoapType">
    <soap:binding style="document" transport="http://schemas.xmlsoap.org/soap/http"/>
    <operation name="NumberToWords">
      <soap:operation soapAction="" style="document"/>
      <input>
        <soap:body use="literal"/>
      </input>
      <output>
        <soap:body use="literal"/>
      </output>
    </operation>
    <operation name="NumberToDollars">
      <soap:operation soapAction="" style="document"/>
      <input>
        <soap:body use="literal"/>
      </input>
      <output>
        <soap:body use="literal"/>
      </output>
    </operation>
  </binding>
  <binding name="NumberConversionSoapBinding12" type="tns:NumberConversionSoapType">
    <soap12:binding style="document" transport="http://schemas.xmlsoap.org/soap/http"/>
    <operation name="NumberToWords">
      <soap12:operation soapAction="" style="document"/>
      <input>
        <soap12:body use="literal"/>
      </input>
      <output>
        <soap12:body use="literal"/>
      </output>
    </operation>
    <operation name="NumberToDollars">
      <soap12:operation soapAction="" style="document"/>
      <input>
        <soap12:body use="literal"/>
      </input>
      <output>
        <soap12:body use="literal"/>
      </output>
    </operation>
  </binding>
  <service name="NumberConversion">
    <documentation>The Number Conversion Web Service, implemented with Visual DataFlex, provides functions that convert numbers into words or dollar amounts.</documentation>
    <port name="NumberConversionSoap" binding="tns:NumberConversionSoapBinding">
      <soap:address location="https://www.dataaccess.com/webservicesserver/NumberConversion.wso"/>
    </port>
    <port name="NumberConversionSoap12" binding="tns:NumberConversionSoapBinding12">
      <soap12:address location="https://www.dataaccess.com/webservicesserver/NumberConversion.wso"/>
    </port>
  </service>
</definitions>]]></con:content><con:type>http://schemas.xmlsoap.org/wsdl/</con:type></con:part></con:definitionCache><con:endpoints><con:endpoint>https://www.dataaccess.com/webservicesserver/NumberConversion.wso</con:endpoint></con:endpoints><con:operation id="7260f5f4-0d8f-4a6d-9a1b-3b64d4d45853" isOneWay="false" action="" name="NumberToDollars" bindingOperationName="NumberToDollars" type="Request-Response" inputName="" receivesAttachments="false" sendsAttachments="false" anonymous="optional"><con:settings/><con:call id="46b00f68-62a0-434d-8bac-26faa6faf9a9" name="Request 1"><con:settings/><con:encoding>UTF-8</con:encoding><con:endpoint>https://www.dataaccess.com/webservicesserver/NumberConversion.wso</con:endpoint><con:request><![CDATA[<soap:Envelope xmlns:soap="http://www.w3.org/2003/05/soap-envelope" xmlns:web="http://www.dataaccess.com/webservicesserver/">\r
   <soap:Header/>\r
   <soap:Body>\r
      <web:NumberToDollars>\r
         <web:dNum>?</web:dNum>\r
      </web:NumberToDollars>\r
   </soap:Body>\r
</soap:Envelope>]]></con:request><con:wsaConfig mustUnderstand="NONE" version="200508" action="http://www.dataaccess.com/webservicesserver/NumberConversionSoapType/NumberToDollarsRequest"/></con:call></con:operation><con:operation id="b0e8690c-39ab-4f61-9b7c-9b5e6a721b66" isOneWay="false" action="" name="NumberToWords" bindingOperationName="NumberToWords" type="Request-Response" inputName="" receivesAttachments="false" sendsAttachments="false" anonymous="optional"><con:settings/><con:call id="8cfe4e81-3310-4f54-93c2-7d57a780e6f9" name="Request 1"><con:settings/><con:encoding>UTF-8</con:encoding><con:endpoint>https://www.dataaccess.com/webservicesserver/NumberConversion.wso</con:endpoint><con:request><![CDATA[<soap:Envelope xmlns:soap="http://www.w3.org/2003/05/soap-envelope" xmlns:web="http://www.dataaccess.com/webservicesserver/">\r
   <soap:Header/>\r
   <soap:Body>\r
      <web:NumberToWords>\r
         <web:ubiNum>?</web:ubiNum>\r
      </web:NumberToWords>\r
   </soap:Body>\r
</soap:Envelope>]]></con:request><con:wsaConfig mustUnderstand="NONE" version="200508" action="http://www.dataaccess.com/webservicesserver/NumberConversionSoapType/NumberToWordsRequest"/></con:call></con:operation></con:interface><con:testSuite id="d4a24f40-b25a-42f7-b73e-13983a41b162" name="NumberConversion"><con:settings/><con:runType>SEQUENTIAL</con:runType><con:testCase id="604005b3-b3a0-4e94-87a4-d3cd99600810" failOnError="true" failTestCaseOnErrors="true" keepSession="false" maxResults="0" name="NumberConversion" searchProperties="true"><con:settings/><con:testStep type="request" id="7786a486-00b4-4c04-9800-ff0602beb38d" name="NumberToWords"><con:settings/><con:config xsi:type="con:RequestStep" xmlns:xsi="http://www.w3.org/2001/XMLSchema-instance"><con:interface>NumberConversionSoapBinding</con:interface><con:operation>NumberToWords</con:operation><con:request name="NumberToWords" id="3b61b08d-ab95-4b2a-a2d1-5fe66d9452df"><con:settings><con:setting id="com.eviware.soapui.impl.wsdl.WsdlRequest@request-headers">&lt;xml-fragment/></con:setting></con:settings><con:encoding>UTF-8</con:encoding><con:endpoint>https://www.dataaccess.com/webservicesserver/NumberConversion.wso</con:endpoint><con:request><![CDATA[<soapenv:Envelope xmlns:soapenv="http://schemas.xmlsoap.org/soap/envelope/" xmlns:web="http://www.dataaccess.com/webservicesserver/">\r
   <soapenv:Header/>\r
   <soapenv:Body>\r
      <web:NumberToWords>\r
         <web:ubiNum>${#TestCase#randomNoValue}</web:ubiNum>\r
      </web:NumberToWords>\r
   </soapenv:Body>\r
</soapenv:Envelope>]]></con:request><con:assertion type="Valid HTTP Status Codes" id="7bcef988-9406-41f2-a6cc-42a1774ec00b" name="Valid HTTP Status Codes"><con:configuration><codes>200</codes></con:configuration></con:assertion><con:assertion type="SOAP Response" id="9f56b5ea-148c-4760-911d-b0188def6753" name="SOAP Response"/><con:assertion type="Schema Compliance" id="15f85b1e-aecf-4cf3-9c6a-252b058291c3" name="Schema Compliance"><con:configuration><definition/></con:configuration></con:assertion><con:assertion type="Invalid HTTP Status Codes" id="98b4dbf0-9df5-41a9-9d6b-057a1e8a7423" name="Invalid HTTP Status Codes"><con:configuration><codes>202</codes></con:configuration></con:assertion><con:credentials><con:authType>No Authorization</con:authType></con:credentials><con:jmsConfig JMSDeliveryMode="PERSISTENT"/><con:jmsPropertyConfig/><con:wsaConfig action="http://www.dataaccess.com/webservicesserver/NumberConversionSoapType/NumberToWordsRequest" mustUnderstand="NONE" version="200508"/><con:wsrmConfig version="1.2"/></con:request></con:config></con:testStep><con:testStep type="request" id="6a5de48e-673c-40bb-835a-091440348f13" name="NumberToDollars"><con:settings/><con:config xsi:type="con:RequestStep" xmlns:xsi="http://www.w3.org/2001/XMLSchema-instance"><con:interface>NumberConversionSoapBinding</con:interface><con:operation>NumberToDollars</con:operation><con:request name="NumberToDollars" id="7486cfb8-4d6c-4320-9fd7-25849eb9093b"><con:settings><con:setting id="com.eviware.soapui.impl.wsdl.WsdlRequest@request-headers">&lt;xml-fragment/></con:setting></con:settings><con:encoding>UTF-8</con:encoding><con:endpoint>https://www.dataaccess.com/webservicesserver/NumberConversion.wso</con:endpoint><con:request><![CDATA[<soapenv:Envelope xmlns:soapenv="http://schemas.xmlsoap.org/soap/envelope/" xmlns:web="http://www.dataaccess.com/webservicesserver/">\r
   <soapenv:Header/>\r
   <soapenv:Body>\r
      <web:NumberToDollars>\r
         <web:dNum>${#TestCase#randomNoValue}</web:dNum>\r
      </web:NumberToDollars>\r
   </soapenv:Body>\r
</soapenv:Envelope>]]></con:request><con:assertion type="Valid HTTP Status Codes" id="5bbd093b-bea9-461b-aaab-55f9711c52b0" name="Valid HTTP Status Codes"><con:configuration><codes>200</codes></con:configuration></con:assertion><con:assertion type="SOAP Response" id="0be9fad2-8276-4a95-be56-e1eaeb4e798c" name="SOAP Response"/><con:assertion type="Schema Compliance" id="8d5a7f1b-66e6-433d-89d2-91c65ea6b04a" name="Schema Compliance"><con:configuration><definition/></con:configuration></con:assertion><con:assertion type="Invalid HTTP Status Codes" id="14a60d5c-6b70-4d21-943d-a0c4c1950203" name="Invalid HTTP Status Codes"><con:configuration><codes>201</codes></con:configuration></con:assertion><con:credentials><con:authType>No Authorization</con:authType></con:credentials><con:jmsConfig JMSDeliveryMode="PERSISTENT"/><con:jmsPropertyConfig/><con:wsaConfig action="http://www.dataaccess.com/webservicesserver/NumberConversionSoapType/NumberToDollarsRequest" mustUnderstand="NONE" version="200508"/><con:wsrmConfig version="1.2"/></con:request></con:config></con:testStep><con:setupScript>import java.util.Random
Random random = new Random()

int random1 = random.nextInt(100)// Generate a random integer within a specific range (e.g., 1 to 100)

def randomNo = random1// Store the random integer in a variable

testRunner.testCase.setPropertyValue("randomNoValue", randomNo.toString())// Set the random integer as a TestCase-level property</con:setupScript><con:properties><con:property><con:name>randomNoValue</con:name><con:value>41</con:value></con:property></con:properties></con:testCase><con:properties/></con:testSuite><con:properties/><con:wssContainer/><con:oAuth2ProfileContainer/><con:oAuth1ProfileContainer/><con:sensitiveInformation/></con:soapui-project>