<?xml version="1.0" encoding="UTF-8"?>
<con:soapui-project id="d160d88b-06bb-4556-8537-2655dfdf8a8e" activeEnvironment="Default" name="Properties" resourceRoot="" soapui-version="5.7.1" abortOnError="false" runType="SEQUENTIAL" xmlns:con="http://eviware.com/soapui/config"><con:settings/><con:interface xsi:type="con:WsdlInterface" id="90da9a33-02f0-439d-b2c7-17192be4e8b2" wsaVersion="NONE" name="EmployeeManagementServiceSoap12Binding" type="wsdl" bindingName="{http://sample.com/reservation/guest}EmployeeManagementServiceSoap12Binding" soapVersion="1_2" anonymous="optional" definition="http://216.10.245.166:8080/axis2/services/EmployeeManagementService?wsdl" xmlns:xsi="http://www.w3.org/2001/XMLSchema-instance"><con:settings/><con:definitionCache/><con:endpoints><con:endpoint>http://216.10.245.166:8080/axis2/services/EmployeeManagementService.EmployeeManagementServiceHttpSoap12Endpoint/</con:endpoint></con:endpoints><con:operation id="5c4b726b-e716-4d86-906c-ccd1d11e19c3" isOneWay="false" action="urn:addEmployee" name="addEmployee" bindingOperationName="addEmployee" type="Request-Response" inputName="" receivesAttachments="false" sendsAttachments="false" anonymous="optional"><con:settings/><con:call id="346724ab-650f-400d-b3c7-2459e991fcfb" name="Request 1"><con:settings/><con:encoding>UTF-8</con:encoding><con:endpoint>http://216.10.245.166:8080/axis2/services/EmployeeManagementService.EmployeeManagementServiceHttpSoap12Endpoint/</con:endpoint><con:request><![CDATA[<soap:Envelope xmlns:soap="http://www.w3.org/2003/05/soap-envelope" xmlns:typ="http://sample.com/reservation/guest/types">\r
   <soap:Header/>\r
   <soap:Body>\r
      <typ:addEmployee>\r
         <!--Optional:-->\r
         <typ:name>?</typ:name>\r
         <!--Optional:-->\r
         <typ:id>?</typ:id>\r
         <!--Optional:-->\r
         <typ:Department>?</typ:Department>\r
         <!--Optional:-->\r
         <typ:age>?</typ:age>\r
      </typ:addEmployee>\r
   </soap:Body>\r
</soap:Envelope>]]></con:request><con:jmsConfig JMSDeliveryMode="PERSISTENT"/><con:wsaConfig mustUnderstand="NONE" version="200508" action="urn:addEmployee"/></con:call></con:operation><con:operation id="a9778ce8-a1ea-4f14-a2bd-56e0028c640c" isOneWay="false" action="urn:deleteEmployee" name="deleteEmployee" bindingOperationName="deleteEmployee" type="One-Way" inputName="" sendsAttachments="false" anonymous="optional"><con:settings/><con:call id="a30e3bc6-05b8-4041-95cd-0f2feb10ab6c" name="Request 1"><con:settings/><con:encoding>UTF-8</con:encoding><con:endpoint>http://216.10.245.166:8080/axis2/services/EmployeeManagementService.EmployeeManagementServiceHttpSoap12Endpoint/</con:endpoint><con:request><![CDATA[<soap:Envelope xmlns:soap="http://www.w3.org/2003/05/soap-envelope" xmlns:typ="http://sample.com/reservation/guest/types">\r
   <soap:Header/>\r
   <soap:Body>\r
      <typ:deleteEmployee>\r
         <!--Optional:-->\r
         <typ:employeeName>?</typ:employeeName>\r
      </typ:deleteEmployee>\r
   </soap:Body>\r
</soap:Envelope>]]></con:request><con:jmsConfig JMSDeliveryMode="PERSISTENT"/><con:wsaConfig mustUnderstand="NONE" version="200508" action="urn:deleteEmployee"/></con:call></con:operation><con:operation id="4065d911-242e-44e4-b92b-6529632a819d" isOneWay="false" action="urn:getEmployeeDetails" name="getEmployeeDetails" bindingOperationName="getEmployeeDetails" type="Request-Response" inputName="" receivesAttachments="false" sendsAttachments="false" anonymous="optional"><con:settings/><con:call id="1cff0ef1-40eb-4a89-aad2-cb510d9b1444" name="Request 1"><con:settings/><con:encoding>UTF-8</con:encoding><con:endpoint>http://216.10.245.166:8080/axis2/services/EmployeeManagementService.EmployeeManagementServiceHttpSoap12Endpoint/</con:endpoint><con:request><![CDATA[<soap:Envelope xmlns:soap="http://www.w3.org/2003/05/soap-envelope" xmlns:typ="http://sample.com/reservation/guest/types">\r
   <soap:Header/>\r
   <soap:Body>\r
      <typ:getEmployeeDetails>\r
         <!--Optional:-->\r
         <typ:employeeName>?</typ:employeeName>\r
      </typ:getEmployeeDetails>\r
   </soap:Body>\r
</soap:Envelope>]]></con:request><con:jmsConfig JMSDeliveryMode="PERSISTENT"/><con:wsaConfig mustUnderstand="NONE" version="200508" action="urn:getEmployeeDetails"/></con:call></con:operation></con:interface><con:interface xsi:type="con:WsdlInterface" id="70376385-f356-498a-a2fe-ee294cc17b4c" wsaVersion="NONE" name="EmployeeManagementServiceSoap11Binding" type="wsdl" bindingName="{http://sample.com/reservation/guest}EmployeeManagementServiceSoap11Binding" soapVersion="1_1" anonymous="optional" definition="http://216.10.245.166:8080/axis2/services/EmployeeManagementService?wsdl" xmlns:xsi="http://www.w3.org/2001/XMLSchema-instance"><con:settings/><con:definitionCache type="TEXT" rootPart="http://216.10.245.166:8080/axis2/services/EmployeeManagementService?wsdl"><con:part><con:url>http://216.10.245.166:8080/axis2/services/EmployeeManagementService?wsdl</con:url><con:content><![CDATA[<wsdl:definitions targetNamespace="http://sample.com/reservation/guest" xmlns:wsdl="http://schemas.xmlsoap.org/wsdl/" xmlns:ns="http://sample.com/reservation/guest/types" xmlns:wsaw="http://www.w3.org/2006/05/addressing/wsdl" xmlns:mime="http://schemas.xmlsoap.org/wsdl/mime/" xmlns:tns="http://sample.com/reservation/guest" xmlns:http="http://schemas.xmlsoap.org/wsdl/http/" xmlns:xs="http://www.w3.org/2001/XMLSchema" xmlns:ax21="http://exception.reservation.sample.com/xsd" xmlns:soap12="http://schemas.xmlsoap.org/wsdl/soap12/" xmlns:ns1="http://org.apache.axis2/xsd" xmlns:soap="http://schemas.xmlsoap.org/wsdl/soap/">
  <wsdl:documentation>EmployeeManagementService</wsdl:documentation>
  <wsdl:types>
    <xs:schema attributeFormDefault="qualified" elementFormDefault="qualified" targetNamespace="http://exception.reservation.sample.com/xsd">
      <xs:complexType name="EmployeeManagementException">
        <xs:sequence>
          <xs:element minOccurs="0" name="message" nillable="true" type="xs:string"/>
        </xs:sequence>
      </xs:complexType>
    </xs:schema>
    <xs:schema attributeFormDefault="qualified" elementFormDefault="qualified" targetNamespace="http://sample.com/reservation/guest/types" xmlns:ax22="http://exception.reservation.sample.com/xsd">
      <xs:import namespace="http://exception.reservation.sample.com/xsd"/>
      <xs:element name="EmployeeManagementServiceEmployeeManagementException">
        <xs:complexType>
          <xs:sequence>
            <xs:element minOccurs="0" name="EmployeeManagementException" nillable="true" type="ax22:EmployeeManagementException"/>
          </xs:sequence>
        </xs:complexType>
      </xs:element>
      <xs:element name="addEmployee">
        <xs:complexType>
          <xs:sequence>
            <xs:element minOccurs="0" name="name" nillable="true" type="xs:string"/>
            <xs:element minOccurs="0" name="id" nillable="true" type="xs:string"/>
            <xs:element minOccurs="0" name="Department" nillable="true" type="xs:string"/>
            <xs:element minOccurs="0" name="age" type="xs:int"/>
          </xs:sequence>
        </xs:complexType>
      </xs:element>
      <xs:element name="addEmployeeResponse">
        <xs:complexType>
          <xs:sequence>
            <xs:element minOccurs="0" name="return" type="xs:boolean"/>
          </xs:sequence>
        </xs:complexType>
      </xs:element>
      <xs:element name="getEmployeeDetails">
        <xs:complexType>
          <xs:sequence>
            <xs:element minOccurs="0" name="employeeName" nillable="true" type="xs:string"/>
          </xs:sequence>
        </xs:complexType>
      </xs:element>
      <xs:element name="getEmployeeDetailsResponse">
        <xs:complexType>
          <xs:sequence>
            <xs:element minOccurs="0" name="return" nillable="true" type="ns:Employee"/>
          </xs:sequence>
        </xs:complexType>
      </xs:element>
      <xs:complexType name="Employee">
        <xs:sequence>
          <xs:element minOccurs="0" name="age" type="xs:int"/>
          <xs:element minOccurs="0" name="department" nillable="true" type="xs:string"/>
          <xs:element minOccurs="0" name="id" nillable="true" type="xs:string"/>
          <xs:element minOccurs="0" name="name" nillable="true" type="xs:string"/>
        </xs:sequence>
      </xs:complexType>
      <xs:element name="deleteEmployee">
        <xs:complexType>
          <xs:sequence>
            <xs:element minOccurs="0" name="employeeName" nillable="true" type="xs:string"/>
          </xs:sequence>
        </xs:complexType>
      </xs:element>
    </xs:schema>
  </wsdl:types>
  <wsdl:message name="getEmployeeDetailsRequest">
    <wsdl:part name="parameters" element="ns:getEmployeeDetails"/>
  </wsdl:message>
  <wsdl:message name="getEmployeeDetailsResponse">
    <wsdl:part name="parameters" element="ns:getEmployeeDetailsResponse"/>
  </wsdl:message>
  <wsdl:message name="EmployeeManagementServiceEmployeeManagementException">
    <wsdl:part name="parameters" element="ns:EmployeeManagementServiceEmployeeManagementException"/>
  </wsdl:message>
  <wsdl:message name="deleteEmployeeRequest">
    <wsdl:part name="parameters" element="ns:deleteEmployee"/>
  </wsdl:message>
  <wsdl:message name="addEmployeeRequest">
    <wsdl:part name="parameters" element="ns:addEmployee"/>
  </wsdl:message>
  <wsdl:message name="addEmployeeResponse">
    <wsdl:part name="parameters" element="ns:addEmployeeResponse"/>
  </wsdl:message>
  <wsdl:portType name="EmployeeManagementServicePortType">
    <wsdl:operation name="getEmployeeDetails">
      <wsdl:input message="tns:getEmployeeDetailsRequest" wsaw:Action="urn:getEmployeeDetails"/>
      <wsdl:output message="tns:getEmployeeDetailsResponse" wsaw:Action="urn:getEmployeeDetailsResponse"/>
      <wsdl:fault message="tns:EmployeeManagementServiceEmployeeManagementException" name="EmployeeManagementServiceEmployeeManagementException" wsaw:Action="urn:getEmployeeDetailsEmployeeManagementServiceEmployeeManagementException"/>
    </wsdl:operation>
    <wsdl:operation name="deleteEmployee">
      <wsdl:input message="tns:deleteEmployeeRequest" wsaw:Action="urn:deleteEmployee"/>
      <wsdl:fault message="tns:EmployeeManagementServiceEmployeeManagementException" name="EmployeeManagementServiceEmployeeManagementException" wsaw:Action="urn:deleteEmployeeEmployeeManagementServiceEmployeeManagementException"/>
    </wsdl:operation>
    <wsdl:operation name="addEmployee">
      <wsdl:input message="tns:addEmployeeRequest" wsaw:Action="urn:addEmployee"/>
      <wsdl:output message="tns:addEmployeeResponse" wsaw:Action="urn:addEmployeeResponse"/>
      <wsdl:fault message="tns:EmployeeManagementServiceEmployeeManagementException" name="EmployeeManagementServiceEmployeeManagementException" wsaw:Action="urn:addEmployeeEmployeeManagementServiceEmployeeManagementException"/>
    </wsdl:operation>
  </wsdl:portType>
  <wsdl:binding name="EmployeeManagementServiceSoap11Binding" type="tns:EmployeeManagementServicePortType">
    <soap:binding transport="http://schemas.xmlsoap.org/soap/http" style="document"/>
    <wsdl:operation name="getEmployeeDetails">
      <soap:operation soapAction="urn:getEmployeeDetails" style="document"/>
      <wsdl:input>
        <soap:body use="literal"/>
      </wsdl:input>
      <wsdl:output>
        <soap:body use="literal"/>
      </wsdl:output>
      <wsdl:fault name="EmployeeManagementServiceEmployeeManagementException">
        <soap:fault use="literal" name="EmployeeManagementServiceEmployeeManagementException"/>
      </wsdl:fault>
    </wsdl:operation>
    <wsdl:operation name="deleteEmployee">
      <soap:operation soapAction="urn:deleteEmployee" style="document"/>
      <wsdl:input>
        <soap:body use="literal"/>
      </wsdl:input>
      <wsdl:fault name="EmployeeManagementServiceEmployeeManagementException">
        <soap:fault use="literal" name="EmployeeManagementServiceEmployeeManagementException"/>
      </wsdl:fault>
    </wsdl:operation>
    <wsdl:operation name="addEmployee">
      <soap:operation soapAction="urn:addEmployee" style="document"/>
      <wsdl:input>
        <soap:body use="literal"/>
      </wsdl:input>
      <wsdl:output>
        <soap:body use="literal"/>
      </wsdl:output>
      <wsdl:fault name="EmployeeManagementServiceEmployeeManagementException">
        <soap:fault use="literal" name="EmployeeManagementServiceEmployeeManagementException"/>
      </wsdl:fault>
    </wsdl:operation>
  </wsdl:binding>
  <wsdl:binding name="EmployeeManagementServiceSoap12Binding" type="tns:EmployeeManagementServicePortType">
    <soap12:binding transport="http://schemas.xmlsoap.org/soap/http" style="document"/>
    <wsdl:operation name="getEmployeeDetails">
      <soap12:operation soapAction="urn:getEmployeeDetails" style="document"/>
      <wsdl:input>
        <soap12:body use="literal"/>
      </wsdl:input>
      <wsdl:output>
        <soap12:body use="literal"/>
      </wsdl:output>
      <wsdl:fault name="EmployeeManagementServiceEmployeeManagementException">
        <soap12:fault use="literal" name="EmployeeManagementServiceEmployeeManagementException"/>
      </wsdl:fault>
    </wsdl:operation>
    <wsdl:operation name="deleteEmployee">
      <soap12:operation soapAction="urn:deleteEmployee" style="document"/>
      <wsdl:input>
        <soap12:body use="literal"/>
      </wsdl:input>
      <wsdl:fault name="EmployeeManagementServiceEmployeeManagementException">
        <soap12:fault use="literal" name="EmployeeManagementServiceEmployeeManagementException"/>
      </wsdl:fault>
    </wsdl:operation>
    <wsdl:operation name="addEmployee">
      <soap12:operation soapAction="urn:addEmployee" style="document"/>
      <wsdl:input>
        <soap12:body use="literal"/>
      </wsdl:input>
      <wsdl:output>
        <soap12:body use="literal"/>
      </wsdl:output>
      <wsdl:fault name="EmployeeManagementServiceEmployeeManagementException">
        <soap12:fault use="literal" name="EmployeeManagementServiceEmployeeManagementException"/>
      </wsdl:fault>
    </wsdl:operation>
  </wsdl:binding>
  <wsdl:binding name="EmployeeManagementServiceHttpBinding" type="tns:EmployeeManagementServicePortType">
    <http:binding verb="POST"/>
    <wsdl:operation name="getEmployeeDetails">
      <http:operation location="getEmployeeDetails"/>
      <wsdl:input>
        <mime:content type="application/xml" part="parameters"/>
      </wsdl:input>
      <wsdl:output>
        <mime:content type="application/xml" part="parameters"/>
      </wsdl:output>
    </wsdl:operation>
    <wsdl:operation name="deleteEmployee">
      <http:operation location="deleteEmployee"/>
      <wsdl:input>
        <mime:content type="application/xml" part="parameters"/>
      </wsdl:input>
    </wsdl:operation>
    <wsdl:operation name="addEmployee">
      <http:operation location="addEmployee"/>
      <wsdl:input>
        <mime:content type="application/xml" part="parameters"/>
      </wsdl:input>
      <wsdl:output>
        <mime:content type="application/xml" part="parameters"/>
      </wsdl:output>
    </wsdl:operation>
  </wsdl:binding>
  <wsdl:service name="EmployeeManagementService">
    <wsdl:port name="EmployeeManagementServiceHttpSoap11Endpoint" binding="tns:EmployeeManagementServiceSoap11Binding">
      <soap:address location="http://216.10.245.166:8080/axis2/services/EmployeeManagementService.EmployeeManagementServiceHttpSoap11Endpoint/"/>
    </wsdl:port>
    <wsdl:port name="EmployeeManagementServiceHttpSoap12Endpoint" binding="tns:EmployeeManagementServiceSoap12Binding">
      <soap12:address location="http://216.10.245.166:8080/axis2/services/EmployeeManagementService.EmployeeManagementServiceHttpSoap12Endpoint/"/>
    </wsdl:port>
    <wsdl:port name="EmployeeManagementServiceHttpEndpoint" binding="tns:EmployeeManagementServiceHttpBinding">
      <http:address location="http://216.10.245.166:8080/axis2/services/EmployeeManagementService.EmployeeManagementServiceHttpEndpoint/"/>
    </wsdl:port>
  </wsdl:service>
</wsdl:definitions>]]></con:content><con:type>http://schemas.xmlsoap.org/wsdl/</con:type></con:part></con:definitionCache><con:endpoints><con:endpoint>http://216.10.245.166:8080/axis2/services/EmployeeManagementService.EmployeeManagementServiceHttpSoap11Endpoint/</con:endpoint></con:endpoints><con:operation id="b8ba0e1e-e58c-4e25-902c-09fb3d976ee8" isOneWay="false" action="urn:addEmployee" name="addEmployee" bindingOperationName="addEmployee" type="Request-Response" inputName="" receivesAttachments="false" sendsAttachments="false" anonymous="optional"><con:settings/><con:call id="049541dd-e1dc-4de7-8d87-dab98eaebb8c" name="Request 1"><con:settings/><con:encoding>UTF-8</con:encoding><con:endpoint>http://216.10.245.166:8080/axis2/services/EmployeeManagementService.EmployeeManagementServiceHttpSoap11Endpoint/</con:endpoint><con:request><![CDATA[<soapenv:Envelope xmlns:soapenv="http://schemas.xmlsoap.org/soap/envelope/" xmlns:typ="http://sample.com/reservation/guest/types">\r
   <soapenv:Header/>\r
   <soapenv:Body>\r
      <typ:addEmployee>\r
         <!--Optional:-->\r
         <typ:name>?</typ:name>\r
         <!--Optional:-->\r
         <typ:id>?</typ:id>\r
         <!--Optional:-->\r
         <typ:Department>?</typ:Department>\r
         <!--Optional:-->\r
         <typ:age>?</typ:age>\r
      </typ:addEmployee>\r
   </soapenv:Body>\r
</soapenv:Envelope>]]></con:request><con:jmsConfig JMSDeliveryMode="PERSISTENT"/><con:wsaConfig mustUnderstand="NONE" version="200508" action="urn:addEmployee"/></con:call></con:operation><con:operation id="ae322627-33ec-4451-807a-076c2a7cda42" isOneWay="false" action="urn:deleteEmployee" name="deleteEmployee" bindingOperationName="deleteEmployee" type="One-Way" inputName="" sendsAttachments="false" anonymous="optional"><con:settings/><con:call id="5f90bbc1-a2ee-499d-becc-b7bb74ffac02" name="Request 1"><con:settings/><con:encoding>UTF-8</con:encoding><con:endpoint>http://216.10.245.166:8080/axis2/services/EmployeeManagementService.EmployeeManagementServiceHttpSoap11Endpoint/</con:endpoint><con:request><![CDATA[<soapenv:Envelope xmlns:soapenv="http://schemas.xmlsoap.org/soap/envelope/" xmlns:typ="http://sample.com/reservation/guest/types">\r
   <soapenv:Header/>\r
   <soapenv:Body>\r
      <typ:deleteEmployee>\r
         <!--Optional:-->\r
         <typ:employeeName>?</typ:employeeName>\r
      </typ:deleteEmployee>\r
   </soapenv:Body>\r
</soapenv:Envelope>]]></con:request><con:jmsConfig JMSDeliveryMode="PERSISTENT"/><con:wsaConfig mustUnderstand="NONE" version="200508" action="urn:deleteEmployee"/></con:call></con:operation><con:operation id="bf93351b-3450-4be6-80c0-47f83f7c1dcc" isOneWay="false" action="urn:getEmployeeDetails" name="getEmployeeDetails" bindingOperationName="getEmployeeDetails" type="Request-Response" inputName="" receivesAttachments="false" sendsAttachments="false" anonymous="optional"><con:settings/><con:call id="a1bfab10-28be-4bc4-9b4d-22d387f21582" name="Request 1"><con:settings/><con:encoding>UTF-8</con:encoding><con:endpoint>http://216.10.245.166:8080/axis2/services/EmployeeManagementService.EmployeeManagementServiceHttpSoap11Endpoint/</con:endpoint><con:request><![CDATA[<soapenv:Envelope xmlns:soapenv="http://schemas.xmlsoap.org/soap/envelope/" xmlns:typ="http://sample.com/reservation/guest/types">\r
   <soapenv:Header/>\r
   <soapenv:Body>\r
      <typ:getEmployeeDetails>\r
         <!--Optional:-->\r
         <typ:employeeName>?</typ:employeeName>\r
      </typ:getEmployeeDetails>\r
   </soapenv:Body>\r
</soapenv:Envelope>]]></con:request><con:jmsConfig JMSDeliveryMode="PERSISTENT"/><con:wsaConfig mustUnderstand="NONE" version="200508" action="urn:getEmployeeDetails"/></con:call></con:operation></con:interface><con:testSuite id="38b436f3-85eb-4033-8339-68fe8a25dfda" name="Testing"><con:settings/><con:runType>SEQUENTIAL</con:runType><con:testCase id="3d44000c-3906-4269-8757-339001937e0f" failOnError="true" failTestCaseOnErrors="true" keepSession="false" maxResults="0" name="end to end" searchProperties="true"><con:settings/><con:testStep type="request" id="4ad195c4-581a-47c9-a621-f6c9623d8a6e" name="addEmployee"><con:settings/><con:config xsi:type="con:RequestStep" xmlns:xsi="http://www.w3.org/2001/XMLSchema-instance"><con:interface>EmployeeManagementServiceSoap12Binding</con:interface><con:operation>addEmployee</con:operation><con:request name="addEmployee" id="645b95f7-ae72-48c2-9146-b37e8885e2a2"><con:settings><con:setting id="com.eviware.soapui.impl.wsdl.WsdlRequest@request-headers">&lt;xml-fragment/></con:setting></con:settings><con:encoding>UTF-8</con:encoding><con:endpoint>http://216.10.245.166:8080/axis2/services/EmployeeManagementService.EmployeeManagementServiceHttpSoap12Endpoint/</con:endpoint><con:request><![CDATA[<soap:Envelope xmlns:soap="http://www.w3.org/2003/05/soap-envelope" xmlns:typ="http://sample.com/reservation/guest/types">\r
   <soap:Header/>\r
   <soap:Body>\r
      <typ:addEmployee>\r
         <!--Optional:-->\r
         <typ:name>${#TestSuite#name}</typ:name>\r
         <!--Optional:-->\r
         <typ:id>${#Project#id}</typ:id>\r
         <!--Optional:-->\r
         <typ:Department>${Properties#department}</typ:Department>\r
         <!--Optional:-->\r
         <typ:age>${#TestCase#age}</typ:age>\r
      </typ:addEmployee>\r
   </soap:Body>\r
</soap:Envelope>]]></con:request><con:credentials><con:authType>No Authorization</con:authType></con:credentials><con:jmsConfig JMSDeliveryMode="PERSISTENT"/><con:jmsPropertyConfig/><con:wsaConfig action="urn:addEmployee" mustUnderstand="NONE" version="200508"/><con:wsrmConfig version="1.2"/></con:request></con:config></con:testStep><con:testStep type="properties" name="Properties" id="b998f18a-273a-4ad3-890a-6efad11ef99c"><con:settings/><con:config xsi:type="con:PropertiesStep" saveFirst="true" xmlns:xsi="http://www.w3.org/2001/XMLSchema-instance"><con:properties><con:property><con:name>department</con:name><con:value>Robotick</con:value></con:property></con:properties></con:config></con:testStep><con:testStep type="request" id="c19abc7c-4d60-4396-8564-804c7b00cc3f" name="getEmployeeDetails"><con:settings/><con:config xsi:type="con:RequestStep" xmlns:xsi="http://www.w3.org/2001/XMLSchema-instance"><con:interface>EmployeeManagementServiceSoap12Binding</con:interface><con:operation>getEmployeeDetails</con:operation><con:request name="getEmployeeDetails" id="a05fc4cc-2e0d-4dab-836f-b0c297ce8ce4"><con:settings><con:setting id="com.eviware.soapui.impl.wsdl.WsdlRequest@request-headers">&lt;xml-fragment/></con:setting></con:settings><con:encoding>UTF-8</con:encoding><con:endpoint>http://216.10.245.166:8080/axis2/services/EmployeeManagementService.EmployeeManagementServiceHttpSoap12Endpoint/</con:endpoint><con:request><![CDATA[<soap:Envelope xmlns:soap="http://www.w3.org/2003/05/soap-envelope" xmlns:typ="http://sample.com/reservation/guest/types">\r
   <soap:Header/>\r
   <soap:Body>\r
      <typ:getEmployeeDetails>\r
         <!--Optional:-->\r
         <typ:employeeName>${addEmployee#Request#//typ:addEmployee/typ:name/text()}</typ:employeeName>\r
      </typ:getEmployeeDetails>\r
   </soap:Body>\r
</soap:Envelope>]]></con:request><con:credentials><con:authType>No Authorization</con:authType></con:credentials><con:jmsConfig JMSDeliveryMode="PERSISTENT"/><con:jmsPropertyConfig/><con:wsaConfig action="urn:getEmployeeDetails" mustUnderstand="NONE" version="200508"/><con:wsrmConfig version="1.2"/></con:request></con:config></con:testStep><con:testStep type="transfer" name="Property Transfer" id="ff9d929b-aac1-451e-b7e7-b1ea2a93308f"><con:settings/><con:config xsi:type="con:PropertyTransfersStep" xmlns:xsi="http://www.w3.org/2001/XMLSchema-instance"><con:transfers setNullOnMissingSource="true" transferTextContent="true" failOnError="true" ignoreEmpty="false" transferToAll="false" entitize="false" transferChildNodes="false"><con:name>transfer</con:name><con:sourceType>Response</con:sourceType><con:sourceStep>getEmployeeDetails</con:sourceStep><con:sourcePath>declare namespace ns='http://sample.com/reservation/guest/types';
//ns:getEmployeeDetailsResponse/ns:return/ns:name/text()</con:sourcePath><con:targetType>Request</con:targetType><con:targetStep>deleteEmployee</con:targetStep><con:targetPath>declare namespace typ='http://sample.com/reservation/guest/types';
//typ:deleteEmployee/typ:employeeName</con:targetPath><con:upgraded>true</con:upgraded></con:transfers></con:config></con:testStep><con:testStep type="request" id="aeb257a6-7413-4cb9-a5db-a800c047f265" name="deleteEmployee"><con:settings/><con:config xsi:type="con:RequestStep" xmlns:xsi="http://www.w3.org/2001/XMLSchema-instance"><con:interface>EmployeeManagementServiceSoap12Binding</con:interface><con:operation>deleteEmployee</con:operation><con:request name="deleteEmployee" id="a4195f48-213c-4950-adcd-5ff74145f33a"><con:settings><con:setting id="com.eviware.soapui.impl.wsdl.WsdlRequest@request-headers">&lt;xml-fragment/></con:setting></con:settings><con:encoding>UTF-8</con:encoding><con:endpoint>http://216.10.245.166:8080/axis2/services/EmployeeManagementService.EmployeeManagementServiceHttpSoap12Endpoint/</con:endpoint><con:request><![CDATA[<soap:Envelope xmlns:soap="http://www.w3.org/2003/05/soap-envelope" xmlns:typ="http://sample.com/reservation/guest/types">
   <soap:Header/>
   <soap:Body>
      <typ:deleteEmployee>
         <!--Optional:-->
         <typ:employeeName>Jim</typ:employeeName>
      </typ:deleteEmployee>
   </soap:Body>
</soap:Envelope>]]></con:request><con:credentials><con:authType>No Authorization</con:authType></con:credentials><con:jmsConfig JMSDeliveryMode="PERSISTENT"/><con:jmsPropertyConfig/><con:wsaConfig action="urn:deleteEmployee" mustUnderstand="NONE" version="200508"/><con:wsrmConfig version="1.2"/></con:request></con:config></con:testStep><con:properties><con:property><con:name>age</con:name><con:value>16</con:value></con:property></con:properties></con:testCase><con:testCase id="3f6e02d1-0ad2-445a-ae43-c077114c8fd3" failOnError="true" failTestCaseOnErrors="true" keepSession="false" maxResults="0" name="deleteEmployee TestCase" searchProperties="true"><con:settings/><con:testStep type="request" id="30caaef9-b6b4-49e0-8c32-eea9c21cfee1" name="deleteEmployee"><con:settings/><con:config xsi:type="con:RequestStep" xmlns:xsi="http://www.w3.org/2001/XMLSchema-instance"><con:interface>EmployeeManagementServiceSoap12Binding</con:interface><con:operation>deleteEmployee</con:operation><con:request name="deleteEmployee" id="a4195f48-213c-4950-adcd-5ff74145f33a"><con:settings/><con:encoding>UTF-8</con:encoding><con:endpoint>http://216.10.245.166:8080/axis2/services/EmployeeManagementService.EmployeeManagementServiceHttpSoap12Endpoint/</con:endpoint><con:request><![CDATA[<soap:Envelope xmlns:soap="http://www.w3.org/2003/05/soap-envelope" xmlns:typ="http://sample.com/reservation/guest/types">\r
   <soap:Header/>\r
   <soap:Body>\r
      <typ:deleteEmployee>\r
         <!--Optional:-->\r
         <typ:employeeName>?</typ:employeeName>\r
      </typ:deleteEmployee>\r
   </soap:Body>\r
</soap:Envelope>]]></con:request><con:credentials><con:authType>No Authorization</con:authType></con:credentials><con:jmsConfig JMSDeliveryMode="PERSISTENT"/><con:wsaConfig action="urn:deleteEmployee" mustUnderstand="NONE" version="200508"/></con:request></con:config></con:testStep><con:properties/></con:testCase><con:testCase id="7313af4e-97ef-4c20-8827-5e470dd227ad" failOnError="true" failTestCaseOnErrors="true" keepSession="false" maxResults="0" name="getEmployeeDetails TestCase" searchProperties="true"><con:settings/><con:testStep type="request" id="7a89083b-ade2-4dd8-a9f1-cb902033e88f" name="getEmployeeDetails"><con:settings/><con:config xsi:type="con:RequestStep" xmlns:xsi="http://www.w3.org/2001/XMLSchema-instance"><con:interface>EmployeeManagementServiceSoap12Binding</con:interface><con:operation>getEmployeeDetails</con:operation><con:request name="getEmployeeDetails" id="a05fc4cc-2e0d-4dab-836f-b0c297ce8ce4"><con:settings><con:setting id="com.eviware.soapui.impl.wsdl.WsdlRequest@request-headers">&lt;xml-fragment/></con:setting></con:settings><con:encoding>UTF-8</con:encoding><con:endpoint>http://216.10.245.166:8080/axis2/services/EmployeeManagementService.EmployeeManagementServiceHttpSoap12Endpoint/</con:endpoint><con:request><![CDATA[<soap:Envelope xmlns:soap="http://www.w3.org/2003/05/soap-envelope" xmlns:typ="http://sample.com/reservation/guest/types">\r
   <soap:Header/>\r
   <soap:Body>\r
      <typ:getEmployeeDetails>\r
         <!--Optional:-->\r
         <typ:employeeName>${#TestSuite#name}</typ:employeeName>\r
      </typ:getEmployeeDetails>\r
   </soap:Body>\r
</soap:Envelope>]]></con:request><con:credentials><con:authType>No Authorization</con:authType></con:credentials><con:jmsConfig JMSDeliveryMode="PERSISTENT"/><con:jmsPropertyConfig/><con:wsaConfig action="urn:getEmployeeDetails" mustUnderstand="NONE" version="200508"/><con:wsrmConfig version="1.2"/></con:request></con:config></con:testStep><con:properties/></con:testCase><con:properties><con:property><con:name>name</con:name><con:value>Jim</con:value></con:property><con:property><con:name>nameProprertyTransfer</con:name><con:value/></con:property></con:properties></con:testSuite><con:properties><con:property><con:name>id</con:name><con:value>246</con:value></con:property></con:properties><con:wssContainer/><con:oAuth2ProfileContainer/><con:oAuth1ProfileContainer/></con:soapui-project>