<?xml version="1.0" encoding="UTF-8"?>
<con:soapui-project id="3c5e7efa-8e8a-482d-af1f-c2786ee5f1f3" activeEnvironment="Default" name="BookStore" resourceRoot="" soapui-version="5.7.1" xmlns:con="http://eviware.com/soapui/config"><con:settings/><con:interface xsi:type="con:RestService" id="8a5f27b8-b7f0-4bfb-b2a2-d9ec7a5eb204" wadlVersion="http://wadl.dev.java.net/2009/02" name="https://bookstore.toolsqa.com" type="rest" xmlns:xsi="http://www.w3.org/2001/XMLSchema-instance"><con:settings/><con:definitionCache type="TEXT" rootPart=""/><con:endpoints><con:endpoint>https://bookstore.toolsqa.com/Account/v1/User/${#TestCase#userId}</con:endpoint></con:endpoints><con:resource name="User" path="/Account/v1/User" id="ec8df52b-1ced-4a31-8a42-2c2728936920"><con:settings/><con:parameters/><con:method name="User1" id="51b13400-9e38-479d-a5a7-1e7a98a11c69" method="POST"><con:settings/><con:parameters/><con:representation type="RESPONSE"><con:mediaType>application/json; charset=utf-8</con:mediaType><con:status>201 200</con:status><con:params/><con:element xmlns:user="https://bookstore.toolsqa.com/Account/v1/User">user:Response</con:element></con:representation><con:representation type="REQUEST"><con:mediaType>application/json</con:mediaType><con:params/></con:representation><con:representation type="FAULT"><con:mediaType>application/json; charset=utf-8</con:mediaType><con:status>406 400</con:status><con:params/><con:element xmlns:user="https://bookstore.toolsqa.com/Account/v1/User">user:Fault</con:element></con:representation><con:representation type="FAULT"><con:mediaType>text/html; charset=utf-8</con:mediaType><con:status>400</con:status><con:params/><con:element>html</con:element></con:representation><con:representation type="REQUEST"><con:mediaType>application/x-www-form-urlencoded</con:mediaType><con:params/></con:representation><con:request name="postUser" id="c04df1a2-67f6-40c2-81bd-f24eedfcfe18" mediaType="application/json" postQueryString="false"><con:settings><con:setting id="com.eviware.soapui.impl.wsdl.WsdlRequest@request-headers">&lt;xml-fragment/></con:setting></con:settings><con:endpoint>https://bookstore.toolsqa.com/Account/v1/User/${#TestCase#userId}</con:endpoint><con:request>{
  "userName": "prasad0938",
  "password": "RMprasad@123"
}</con:request><con:originalUri>https://bookstore.toolsqa.com/Account/v1/User</con:originalUri><con:credentials><con:authType>No Authorization</con:authType></con:credentials><con:jmsConfig JMSDeliveryMode="PERSISTENT"/><con:jmsPropertyConfig/><con:parameters/></con:request></con:method></con:resource><con:resource name="GenerateToken" path="/Account/v1/GenerateToken" id="9c41fe8a-6355-44de-8cf6-8858b29952b0"><con:settings/><con:parameters/><con:method name="Method 1" id="8154a9ab-9387-41e9-b8ed-74712f890978" method="POST"><con:settings/><con:parameters/><con:representation type="RESPONSE"><con:mediaType>application/json; charset=utf-8</con:mediaType><con:status>200</con:status><con:params/><con:element xmlns:gen="https://bookstore.toolsqa.com/Account/v1/GenerateToken">gen:Response</con:element></con:representation><con:representation type="REQUEST"><con:mediaType>application/json</con:mediaType><con:params/></con:representation><con:request name="postGenerateToken" id="63f0da35-d327-47f0-aa9a-64a6446da29b" mediaType="application/json" postQueryString="false"><con:settings><con:setting id="com.eviware.soapui.impl.wsdl.WsdlRequest@request-headers">&lt;xml-fragment/></con:setting></con:settings><con:endpoint>https://bookstore.toolsqa.com</con:endpoint><con:request>{
  "userName": "prasad0938",
  "password": "RMprasad@123"
}</con:request><con:originalUri>https://bookstore.toolsqa.com/Account/v1/GenerateToken</con:originalUri><con:credentials><con:authType>No Authorization</con:authType></con:credentials><con:jmsConfig JMSDeliveryMode="PERSISTENT"/><con:jmsPropertyConfig/><con:parameters/></con:request></con:method></con:resource><con:resource name="Authorized" path="/Account/v1/Authorized" id="35b7dabc-c511-45af-b0bf-42841071941d"><con:settings/><con:parameters/><con:method name="Method 1" id="f0b616eb-4f05-4403-bc85-1f65373f1701" method="POST"><con:settings/><con:parameters/><con:representation type="REQUEST"><con:mediaType>application/json</con:mediaType><con:params/></con:representation><con:representation type="RESPONSE"><con:mediaType>application/json; charset=utf-8</con:mediaType><con:status>200</con:status><con:params/></con:representation><con:request name="postAuthorized" id="48d6bb5f-b2f5-4846-9ad1-98fae6352472" mediaType="application/json" postQueryString="false"><con:settings><con:setting id="com.eviware.soapui.impl.wsdl.WsdlRequest@request-headers">&lt;xml-fragment/></con:setting></con:settings><con:endpoint>https://bookstore.toolsqa.com</con:endpoint><con:request>{
  "userName": "prasad0938",
  "password": "RMprasad@123"
}</con:request><con:originalUri>https://bookstore.toolsqa.com/Account/v1/Authorized</con:originalUri><con:credentials><con:authType>No Authorization</con:authType></con:credentials><con:jmsConfig JMSDeliveryMode="PERSISTENT"/><con:jmsPropertyConfig/><con:parameters/></con:request></con:method></con:resource><con:resource name="User" path="/Account/v1/User/{userID}" id="228cf9be-5fc5-4ff6-8778-52c38ad7bea0"><con:settings/><con:parameters><con:parameter><con:name>userID</con:name><con:value/><con:style>TEMPLATE</con:style><con:default/></con:parameter></con:parameters><con:method name="Method 1" id="56e47f34-5a89-453f-915e-491cd911c690" method="GET"><con:settings/><con:parameters/><con:representation type="RESPONSE"><con:mediaType>application/json; charset=utf-8</con:mediaType><con:status>200</con:status><con:params/><con:element xmlns:dc3="https://bookstore.toolsqa.com/Account/v1/User/7dc3d965-5ad6-4a9c-b044-f738a48cdd14">dc3:Response</con:element></con:representation><con:representation type="FAULT"><con:mediaType>application/json; charset=utf-8</con:mediaType><con:status>401</con:status><con:params/><con:element xmlns:dc3="https://bookstore.toolsqa.com/Account/v1/User/7dc3d965-5ad6-4a9c-b044-f738a48cdd14">dc3:Fault</con:element></con:representation><con:representation type="RESPONSE"><con:mediaType>text/html; charset=utf-8</con:mediaType><con:status>200</con:status><con:params/><con:element>html</con:element></con:representation><con:representation type="REQUEST"><con:mediaType>application/json</con:mediaType><con:params/></con:representation><con:representation type="RESPONSE"><con:mediaType xsi:nil="true"/><con:status>204</con:status><con:params/><con:element>data</con:element></con:representation><con:representation type="RESPONSE"><con:mediaType xsi:nil="true"/><con:status>204</con:status><con:params/><con:element>data</con:element></con:representation><con:representation type="RESPONSE"><con:mediaType xsi:nil="true"/><con:status>204</con:status><con:params/><con:element>data</con:element></con:representation><con:representation type="RESPONSE"><con:mediaType xsi:nil="true"/><con:status>204</con:status><con:params/><con:element>data</con:element></con:representation><con:representation type="RESPONSE"><con:mediaType xsi:nil="true"/><con:status>204</con:status><con:params/><con:element>data</con:element></con:representation><con:representation type="RESPONSE"><con:mediaType xsi:nil="true"/><con:status>204</con:status><con:params/><con:element>data</con:element></con:representation><con:representation type="RESPONSE"><con:mediaType xsi:nil="true"/><con:status>204</con:status><con:params/><con:element>data</con:element></con:representation><con:representation type="RESPONSE"><con:mediaType xsi:nil="true"/><con:status>204</con:status><con:params/><con:element>data</con:element></con:representation><con:representation type="RESPONSE"><con:mediaType xsi:nil="true"/><con:status>204</con:status><con:params/><con:element>data</con:element></con:representation><con:request name="getUser" id="145f1ac0-8b6b-4764-ba27-90cc91ddd860" mediaType="application/json"><con:settings><con:setting id="com.eviware.soapui.impl.wsdl.WsdlRequest@request-headers">&lt;xml-fragment/></con:setting></con:settings><con:endpoint>https://bookstore.toolsqa.com</con:endpoint><con:request/><con:originalUri>https://bookstore.toolsqa.com/Account/v1/User/7dc3d965-5ad6-4a9c-b044-f738a48cdd14</con:originalUri><con:credentials><con:username>prasad0938</con:username><con:password>RMprasad@123</con:password><con:selectedAuthProfile>Basic</con:selectedAuthProfile><con:addedBasicAuthenticationTypes>Basic</con:addedBasicAuthenticationTypes><con:preemptive>true</con:preemptive><con:authType>Preemptive</con:authType></con:credentials><con:jmsConfig JMSDeliveryMode="PERSISTENT"/><con:jmsPropertyConfig/><con:parameters><entry key="userID" value="" xmlns="http://eviware.com/soapui/config"/></con:parameters><con:parameterOrder><con:entry>userID</con:entry></con:parameterOrder></con:request></con:method></con:resource><con:resource name="{UUID}" path="/Account/v1/User/{userID}" id="cfd3d0c1-6436-40bf-96a1-08e56855ef73"><con:settings/><con:parameters><con:parameter><con:name>userID</con:name><con:style>TEMPLATE</con:style></con:parameter></con:parameters><con:method name="Method 1" id="3eacc11e-e931-462a-9782-7472a78ac2cb" method="DELETE"><con:settings/><con:parameters/><con:representation type="RESPONSE"><con:mediaType xsi:nil="true"/><con:status>204</con:status><con:params/><con:element>data</con:element></con:representation><con:representation type="REQUEST"><con:mediaType>application/json</con:mediaType><con:params/></con:representation><con:representation type="RESPONSE"><con:mediaType>text/html; charset=utf-8</con:mediaType><con:status>200</con:status><con:params/><con:element>html</con:element></con:representation><con:representation type="FAULT"><con:mediaType>text/html</con:mediaType><con:status>500</con:status><con:params/><con:element>html</con:element></con:representation><con:request name="deleteUser" id="e9f3f99d-4f79-488f-b60e-762c0bdce56e" mediaType="application/json" postQueryString="false"><con:settings><con:setting id="com.eviware.soapui.impl.wsdl.WsdlRequest@request-headers">&lt;xml-fragment/></con:setting></con:settings><con:endpoint>https://bookstore.toolsqa.com</con:endpoint><con:request/><con:originalUri>https://bookstore.toolsqa.com/Account/v1/User/7dc3d965-5ad6-4a9c-b044-f738a48cdd14</con:originalUri><con:credentials><con:username>prasad0938</con:username><con:password>RMprasad@123</con:password><con:selectedAuthProfile>Basic</con:selectedAuthProfile><con:addedBasicAuthenticationTypes>Basic</con:addedBasicAuthenticationTypes><con:preemptive>true</con:preemptive><con:authType>Preemptive</con:authType></con:credentials><con:jmsConfig JMSDeliveryMode="PERSISTENT"/><con:jmsPropertyConfig/><con:parameters/><con:parameterOrder><con:entry>userID</con:entry></con:parameterOrder></con:request></con:method></con:resource></con:interface><con:interface xsi:type="con:RestService" id="32626705-6041-4929-b66b-e8bc7433a923" wadlVersion="http://wadl.dev.java.net/2009/02" name="https://bookstore.toolsqa.com" type="rest" xmlns:xsi="http://www.w3.org/2001/XMLSchema-instance"><con:settings/><con:definitionCache type="TEXT" rootPart=""/><con:endpoints><con:endpoint>https://bookstore.toolsqa.com</con:endpoint></con:endpoints><con:resource name="User" path="/Account/v1/User" id="61cfe5b0-9cfc-4fbb-8110-257eb7f4f510"><con:settings/><con:parameters/><con:method name="bookAccount" id="123ff4b7-5f71-4a02-a05e-db3dafe5c524" method="POST"><con:settings/><con:parameters/><con:representation type="RESPONSE"><con:mediaType>application/json; charset=utf-8</con:mediaType><con:status>201</con:status><con:params/><con:element xmlns:user="https://bookstore.toolsqa.com/Account/v1/User">user:Response</con:element></con:representation><con:representation type="REQUEST"><con:mediaType>application/json</con:mediaType><con:params/></con:representation><con:representation type="FAULT"><con:mediaType>application/json; charset=utf-8</con:mediaType><con:status>406</con:status><con:params/><con:element xmlns:user="https://bookstore.toolsqa.com/Account/v1/User">user:Fault</con:element></con:representation><con:request name="Account" id="3ec94c10-a736-41fc-9c99-57b6ba812b6d" mediaType="application/json" postQueryString="false"><con:settings><con:setting id="com.eviware.soapui.impl.wsdl.WsdlRequest@request-headers">&lt;xml-fragment/></con:setting></con:settings><con:endpoint>https://bookstore.toolsqa.com</con:endpoint><con:request>{
  "userName": "prasad839",
  "password": "RMprasad@123"
}</con:request><con:originalUri>https://bookstore.toolsqa.com/Account/v1/User</con:originalUri><con:credentials><con:authType>No Authorization</con:authType></con:credentials><con:jmsConfig JMSDeliveryMode="PERSISTENT"/><con:jmsPropertyConfig/><con:parameters/></con:request></con:method></con:resource><con:resource name="Books" path="/BookStore/v1/Books" id="1c8ddd47-099c-41f6-b809-d1abb23bf7be"><con:settings/><con:parameters/><con:method name="bookLIst" id="2bf24667-df15-4b6f-8943-cd92e648998c" method="GET"><con:settings/><con:parameters/><con:representation type="RESPONSE"><con:mediaType>application/json; charset=utf-8</con:mediaType><con:status>200</con:status><con:params/><con:element xmlns:book="https://bookstore.toolsqa.com/BookStore/v1/Books">book:Response</con:element></con:representation><con:request name="ListOfISBN" id="50283055-b5be-404f-abd1-948c4c6004ae" mediaType="application/json"><con:settings><con:setting id="com.eviware.soapui.impl.wsdl.WsdlRequest@request-headers">&lt;xml-fragment/></con:setting></con:settings><con:endpoint>https://bookstore.toolsqa.com</con:endpoint><con:request/><con:originalUri>https://bookstore.toolsqa.com/BookStore/v1/Books</con:originalUri><con:credentials><con:authType>No Authorization</con:authType></con:credentials><con:jmsConfig JMSDeliveryMode="PERSISTENT"/><con:jmsPropertyConfig/><con:parameters/></con:request></con:method></con:resource><con:resource name="Books" path="/BookStore/v1/Books" id="05293809-e9c8-4c5d-b5fc-2775ad0fbf14"><con:settings/><con:parameters/><con:method name="bookCreate" id="5658c43c-22f7-44ae-8157-b2c56c04f55c" method="POST"><con:settings/><con:parameters/><con:representation type="FAULT"><con:mediaType>application/json; charset=utf-8</con:mediaType><con:status>401</con:status><con:params/><con:element xmlns:book="https://bookstore.toolsqa.com/BookStore/v1/Books">book:Fault</con:element></con:representation><con:representation type="REQUEST"><con:mediaType>application/json</con:mediaType><con:params/></con:representation><con:representation type="RESPONSE"><con:mediaType>application/json; charset=utf-8</con:mediaType><con:status>201</con:status><con:params/><con:element xmlns:book="https://bookstore.toolsqa.com/BookStore/v1/Books">book:Response</con:element></con:representation><con:request name="createBook" id="874f77bb-2b30-4abb-bac1-e0ee2d6caacb" mediaType="application/json" postQueryString="false"><con:settings><con:setting id="com.eviware.soapui.impl.wsdl.WsdlRequest@request-headers">&lt;xml-fragment/></con:setting></con:settings><con:endpoint>https://bookstore.toolsqa.com</con:endpoint><con:request>{
  "userId": "d0bdb94f-4f62-4150-8446-01b2ba2e7611",
  "collectionOfIsbns": [
    {
      "isbn": "9781449325862"
    }
  ]
}</con:request><con:originalUri>https://bookstore.toolsqa.com/BookStore/v1/Books</con:originalUri><con:credentials><con:username>prasad839</con:username><con:password>RMprasad@123</con:password><con:selectedAuthProfile>Basic</con:selectedAuthProfile><con:addedBasicAuthenticationTypes>Basic</con:addedBasicAuthenticationTypes><con:preemptive>true</con:preemptive><con:authType>Preemptive</con:authType></con:credentials><con:jmsConfig JMSDeliveryMode="PERSISTENT"/><con:jmsPropertyConfig/><con:parameters/></con:request></con:method></con:resource><con:resource name="Book" path="/BookStore/v1/Book" id="850608d9-32ce-4d95-97a4-84594bdae48e"><con:settings/><con:parameters><con:parameter><con:name>ISBN</con:name><con:value>dsd</con:value><con:style>QUERY</con:style><con:default>dsd</con:default></con:parameter></con:parameters><con:method name="bookGet" id="bb44c626-ce39-49b8-8da5-1e5336662374" method="GET"><con:settings/><con:parameters/><con:representation type="RESPONSE"><con:mediaType>application/json; charset=utf-8</con:mediaType><con:status>200</con:status><con:params/><con:element xmlns:book="https://bookstore.toolsqa.com/BookStore/v1/Book">book:Response</con:element></con:representation><con:request name="getBook" id="55aae807-d80e-4bd0-9792-b45f7ea21c42" mediaType="application/json"><con:settings><con:setting id="com.eviware.soapui.impl.wsdl.WsdlRequest@request-headers">&lt;xml-fragment/></con:setting></con:settings><con:endpoint>https://bookstore.toolsqa.com</con:endpoint><con:request/><con:originalUri>https://bookstore.toolsqa.com/BookStore/v1/Book</con:originalUri><con:credentials><con:authType>No Authorization</con:authType></con:credentials><con:jmsConfig JMSDeliveryMode="PERSISTENT"/><con:jmsPropertyConfig/><con:parameters><entry key="ISBN" value="9781449325862" xmlns="http://eviware.com/soapui/config"/></con:parameters></con:request></con:method></con:resource><con:resource name="asas" path="/BookStore/v1/Books/{ISBN}" id="82bf5cd3-5830-4696-8d6e-2381505bcbd2"><con:settings/><con:parameters><con:parameter><con:name>ISBN</con:name><con:style>TEMPLATE</con:style></con:parameter></con:parameters><con:method name="bookUpdate" id="b7355713-37cc-4d46-b378-c89ab98784f8" method="PUT"><con:settings/><con:parameters/><con:representation type="FAULT"><con:mediaType>application/json; charset=utf-8</con:mediaType><con:status>401</con:status><con:params/><con:element xmlns:ns="https://bookstore.toolsqa.com/BookStore/v1/Books/9781449325862">ns:Fault</con:element></con:representation><con:representation type="REQUEST"><con:mediaType>application/json</con:mediaType><con:params/></con:representation><con:representation type="RESPONSE"><con:mediaType>application/json; charset=utf-8</con:mediaType><con:status>200</con:status><con:params/><con:element xmlns:ns="https://bookstore.toolsqa.com/BookStore/v1/Books/9781449325862">ns:Response</con:element></con:representation><con:request name="Request 1" id="98fefda1-8ebc-4d54-9f4c-8396fbae8cdc" mediaType="application/json" postQueryString="false"><con:settings><con:setting id="com.eviware.soapui.impl.wsdl.WsdlRequest@request-headers">&lt;xml-fragment/></con:setting></con:settings><con:endpoint>https://bookstore.toolsqa.com</con:endpoint><con:request>{
  "userId": "d0bdb94f-4f62-4150-8446-01b2ba2e7611",
  "isbn": "9781449331818"
}</con:request><con:originalUri>https://bookstore.toolsqa.com/BookStore/v1/Books/9781449325862</con:originalUri><con:credentials><con:username>prasad839</con:username><con:password>RMprasad@123</con:password><con:selectedAuthProfile>Basic</con:selectedAuthProfile><con:addedBasicAuthenticationTypes>Basic</con:addedBasicAuthenticationTypes><con:preemptive>true</con:preemptive><con:authType>Preemptive</con:authType></con:credentials><con:jmsConfig JMSDeliveryMode="PERSISTENT"/><con:jmsPropertyConfig/><con:parameters><entry key="ISBN" value="9781449325862" xmlns="http://eviware.com/soapui/config"/></con:parameters><con:parameterOrder><con:entry>ISBN</con:entry></con:parameterOrder></con:request></con:method></con:resource><con:resource name="Book" path="/BookStore/v1/Book" id="85c860f1-280f-44f0-be62-57ec3fd60429"><con:settings/><con:parameters/><con:method name="bookDelete" id="6b6ea82d-bbda-4d66-89be-07e06d33e17d" method="DELETE"><con:settings/><con:parameters/><con:representation type="RESPONSE"><con:mediaType xsi:nil="true"/><con:status>204</con:status><con:params/><con:element>data</con:element></con:representation><con:representation type="REQUEST"><con:mediaType>application/json</con:mediaType><con:params/></con:representation><con:representation type="RESPONSE"><con:mediaType xsi:nil="true"/><con:status>204</con:status><con:params/><con:element>data</con:element></con:representation><con:representation type="RESPONSE"><con:mediaType xsi:nil="true"/><con:status>204</con:status><con:params/><con:element>data</con:element></con:representation><con:representation type="RESPONSE"><con:mediaType xsi:nil="true"/><con:status>204</con:status><con:params/><con:element>data</con:element></con:representation><con:representation type="RESPONSE"><con:mediaType xsi:nil="true"/><con:status>204</con:status><con:params/><con:element>data</con:element></con:representation><con:representation type="RESPONSE"><con:mediaType xsi:nil="true"/><con:status>204</con:status><con:params/><con:element>data</con:element></con:representation><con:representation type="RESPONSE"><con:mediaType xsi:nil="true"/><con:status>204</con:status><con:params/><con:element>data</con:element></con:representation><con:request name="Request 1" id="d75aaf29-4f88-4e00-b3d4-3329a97ea402" mediaType="application/json" postQueryString="false"><con:settings><con:setting id="com.eviware.soapui.impl.wsdl.WsdlRequest@request-headers">&lt;xml-fragment/></con:setting></con:settings><con:endpoint>https://bookstore.toolsqa.com</con:endpoint><con:request>{
  "userId": "d0bdb94f-4f62-4150-8446-01b2ba2e7611",
  "isbn": "9781449331818"
}</con:request><con:originalUri>https://bookstore.toolsqa.com/BookStore/v1/Book</con:originalUri><con:credentials><con:username>prasad839</con:username><con:password>RMprasad@123</con:password><con:selectedAuthProfile>Basic</con:selectedAuthProfile><con:addedBasicAuthenticationTypes>Basic</con:addedBasicAuthenticationTypes><con:preemptive>true</con:preemptive><con:authType>Preemptive</con:authType></con:credentials><con:jmsConfig JMSDeliveryMode="PERSISTENT"/><con:jmsPropertyConfig/><con:parameters/></con:request></con:method></con:resource><con:resource name="Books" path="/BookStore/v1/Books" id="f685f0b6-095f-4dba-adf8-7b1c8da69658"><con:settings/><con:parameters><con:parameter><con:name>UserId</con:name><con:value>asxas</con:value><con:style>QUERY</con:style><con:default>asxas</con:default></con:parameter></con:parameters><con:method name="bookUserDelete" id="8b9b266f-cbe2-4207-9bff-e08ab5684125" method="DELETE"><con:settings/><con:parameters/><con:representation type="FAULT"><con:mediaType>application/json; charset=utf-8</con:mediaType><con:status>401</con:status><con:params/><con:element xmlns:book="https://bookstore.toolsqa.com/BookStore/v1/Books">book:Fault</con:element></con:representation><con:representation type="REQUEST"><con:mediaType>application/json</con:mediaType><con:params/></con:representation><con:representation type="RESPONSE"><con:mediaType xsi:nil="true"/><con:status>204</con:status><con:params/><con:element>data</con:element></con:representation><con:representation type="RESPONSE"><con:mediaType xsi:nil="true"/><con:status>204</con:status><con:params/><con:element>data</con:element></con:representation><con:representation type="RESPONSE"><con:mediaType xsi:nil="true"/><con:status>204</con:status><con:params/><con:element>data</con:element></con:representation><con:representation type="RESPONSE"><con:mediaType xsi:nil="true"/><con:status>204</con:status><con:params/><con:element>data</con:element></con:representation><con:representation type="RESPONSE"><con:mediaType xsi:nil="true"/><con:status>204</con:status><con:params/><con:element>data</con:element></con:representation><con:representation type="RESPONSE"><con:mediaType xsi:nil="true"/><con:status>204</con:status><con:params/><con:element>data</con:element></con:representation><con:representation type="RESPONSE"><con:mediaType xsi:nil="true"/><con:status>204</con:status><con:params/><con:element>data</con:element></con:representation><con:request name="Request 1" id="dd038555-240a-472d-a364-4b1dd28e55d0" mediaType="application/json" postQueryString="false"><con:settings><con:setting id="com.eviware.soapui.impl.wsdl.WsdlRequest@request-headers">&lt;xml-fragment/></con:setting></con:settings><con:endpoint>https://bookstore.toolsqa.com</con:endpoint><con:request/><con:originalUri>https://bookstore.toolsqa.com/BookStore/v1/Books</con:originalUri><con:credentials><con:username>prasad839</con:username><con:password>RMprasad@123</con:password><con:selectedAuthProfile>Basic</con:selectedAuthProfile><con:addedBasicAuthenticationTypes>Basic</con:addedBasicAuthenticationTypes><con:preemptive>true</con:preemptive><con:authType>Preemptive</con:authType></con:credentials><con:jmsConfig JMSDeliveryMode="PERSISTENT"/><con:jmsPropertyConfig/><con:parameters><entry key="UserId" value="d0bdb94f-4f62-4150-8446-01b2ba2e7611" xmlns="http://eviware.com/soapui/config"/></con:parameters></con:request></con:method></con:resource><con:resource name="{userId}" path="/Account/v1/User/{userId}" id="54492636-af2b-4410-b021-11a8e40cbb6d"><con:settings/><con:parameters><con:parameter><con:name>userId</con:name><con:value>userId</con:value><con:style>TEMPLATE</con:style><con:default>userId</con:default></con:parameter></con:parameters><con:method name="bookAccountDelete" id="c452ba4c-c66a-4f6f-8180-472255987e6e" method="DELETE"><con:settings/><con:parameters/><con:representation type="FAULT"><con:mediaType>application/json; charset=utf-8</con:mediaType><con:status>401</con:status><con:params/><con:element xmlns:d0b="https://bookstore.toolsqa.com/Account/v1/User/d0bdb94f-4f62-4150-8446-01b2ba2e7611">d0b:Fault</con:element></con:representation><con:representation type="REQUEST"><con:mediaType>application/json</con:mediaType><con:params/></con:representation><con:representation type="RESPONSE"><con:mediaType xsi:nil="true"/><con:status>204</con:status><con:params/><con:element>data</con:element></con:representation><con:representation type="RESPONSE"><con:mediaType>application/json; charset=utf-8</con:mediaType><con:status>200</con:status><con:params/><con:element xmlns:d0b="https://bookstore.toolsqa.com/Account/v1/User/d0bdb94f-4f62-4150-8446-01b2ba2e7611">d0b:Response</con:element></con:representation><con:representation type="RESPONSE"><con:mediaType xsi:nil="true"/><con:status>204</con:status><con:params/><con:element>data</con:element></con:representation><con:representation type="RESPONSE"><con:mediaType xsi:nil="true"/><con:status>204</con:status><con:params/><con:element>data</con:element></con:representation><con:representation type="RESPONSE"><con:mediaType xsi:nil="true"/><con:status>204</con:status><con:params/><con:element>data</con:element></con:representation><con:representation type="RESPONSE"><con:mediaType xsi:nil="true"/><con:status>204</con:status><con:params/><con:element>data</con:element></con:representation><con:representation type="RESPONSE"><con:mediaType xsi:nil="true"/><con:status>204</con:status><con:params/><con:element>data</con:element></con:representation><con:representation type="RESPONSE"><con:mediaType xsi:nil="true"/><con:status>204</con:status><con:params/><con:element>data</con:element></con:representation><con:representation type="RESPONSE"><con:mediaType xsi:nil="true"/><con:status>204</con:status><con:params/><con:element>data</con:element></con:representation><con:request name="Request 1" id="ca149350-5496-4b90-9ba6-0c5f6873b33a" mediaType="application/json" postQueryString="false"><con:settings><con:setting id="com.eviware.soapui.impl.wsdl.WsdlRequest@request-headers">&lt;xml-fragment/></con:setting></con:settings><con:endpoint>https://bookstore.toolsqa.com</con:endpoint><con:request/><con:originalUri>https://bookstore.toolsqa.com/Account/v1/User/d0bdb94f-4f62-4150-8446-01b2ba2e7611</con:originalUri><con:credentials><con:username>prasad839</con:username><con:password>RMprasad@123</con:password><con:selectedAuthProfile>Basic</con:selectedAuthProfile><con:addedBasicAuthenticationTypes>Basic</con:addedBasicAuthenticationTypes><con:preemptive>true</con:preemptive><con:authType>Preemptive</con:authType></con:credentials><con:jmsConfig JMSDeliveryMode="PERSISTENT"/><con:jmsPropertyConfig/><con:parameters><entry key="userId" value="3577c0ee-efcc-4b71-9480-3157fa8650fb" xmlns="http://eviware.com/soapui/config"/></con:parameters></con:request></con:method></con:resource></con:interface><con:testSuite id="dec5693a-170a-4fc0-95a3-927364b1008a" name="AccountModule"><con:description>TestSuite generated for REST Service [https://bookstore.toolsqa.com]</con:description><con:settings/><con:runType>SEQUENTIAL</con:runType><con:testCase id="4097f9bb-924e-4385-b24e-0651752cb8ac" failOnError="true" failTestCaseOnErrors="true" keepSession="false" maxResults="0" name="bookStoreAccount" searchProperties="true"><con:settings/><con:testStep type="restrequest" name="User" id="b4a34bc5-a9ab-4edb-8eba-d83acf4c1583"><con:settings/><con:config service="https://bookstore.toolsqa.com" resourcePath="/Account/v1/User" methodName="User1" xsi:type="con:RestRequestStep" xmlns:xsi="http://www.w3.org/2001/XMLSchema-instance"><con:restRequest name="User" id="c04df1a2-67f6-40c2-81bd-f24eedfcfe18" mediaType="application/json" postQueryString="false"><con:settings><con:setting id="com.eviware.soapui.impl.wsdl.WsdlRequest@request-headers">&lt;xml-fragment/></con:setting></con:settings><con:endpoint>https://bookstore.toolsqa.com</con:endpoint><con:request>{
  "userName": "${#TestSuite#userName}${#TestCase#rnd}",
  "password": "${#TestSuite#password}"
}</con:request><con:originalUri>https://bookstore.toolsqa.com/Account/v1/User</con:originalUri><con:assertion type="Valid HTTP Status Codes" id="6ec5cc7a-1893-4d6a-955c-480ca3210802" name="Valid HTTP Status Codes"><con:configuration><codes>201</codes></con:configuration></con:assertion><con:assertion type="Simple Contains" id="1b5b3cf9-f354-481e-a5a9-36b98628fbcb" name="ContainsUserName"><con:configuration><token>${#TestSuite#userName}</token><ignoreCase>true</ignoreCase><useRegEx>false</useRegEx></con:configuration></con:assertion><con:credentials><con:authType>No Authorization</con:authType></con:credentials><con:jmsConfig JMSDeliveryMode="PERSISTENT"/><con:jmsPropertyConfig/><con:parameters/></con:restRequest></con:config></con:testStep><con:testStep type="transfer" name="transferUserId" id="2a683ae0-1a9b-436b-8b0d-c1ef421ebe42"><con:settings/><con:config xsi:type="con:PropertyTransfersStep" xmlns:xsi="http://www.w3.org/2001/XMLSchema-instance"><con:transfers setNullOnMissingSource="true" transferTextContent="true" failOnError="true" ignoreEmpty="false" transferToAll="false" entitize="false" transferChildNodes="false"><con:name>userId</con:name><con:sourceType>Response</con:sourceType><con:sourceStep>User</con:sourceStep><con:sourcePath>userID</con:sourcePath><con:targetType>userId</con:targetType><con:targetStep>#TestCase#</con:targetStep><con:type>JSONPATH</con:type><con:upgraded>true</con:upgraded></con:transfers></con:config></con:testStep><con:testStep type="restrequest" name="GenerateToken" id="b712ac44-a31d-4b2f-bb48-71ae0da12d54"><con:settings/><con:config service="https://bookstore.toolsqa.com" resourcePath="/Account/v1/GenerateToken" methodName="Method 1" xsi:type="con:RestRequestStep" xmlns:xsi="http://www.w3.org/2001/XMLSchema-instance"><con:restRequest name="GenerateToken" id="63f0da35-d327-47f0-aa9a-64a6446da29b" mediaType="application/json" postQueryString="false"><con:settings><con:setting id="com.eviware.soapui.impl.wsdl.WsdlRequest@request-headers">&lt;xml-fragment/></con:setting></con:settings><con:endpoint>https://bookstore.toolsqa.com</con:endpoint><con:request>{
  "userName": "${#TestSuite#userName}${#TestCase#rnd}",
  "password": "${#TestSuite#password}"
}</con:request><con:originalUri>https://bookstore.toolsqa.com/Account/v1/GenerateToken</con:originalUri><con:assertion type="Valid HTTP Status Codes" id="eab19c77-25c9-4ff6-97d6-c0945be1f264" name="Valid HTTP Status Codes"><con:configuration><codes>200</codes></con:configuration></con:assertion><con:assertion type="Simple Contains" id="04c1cfbe-1304-45e7-88c2-52c093f8209e" name="ContainsStatus"><con:configuration><token>Success</token><ignoreCase>false</ignoreCase><useRegEx>false</useRegEx></con:configuration></con:assertion><con:assertion type="Simple NotContains" id="a8377aaa-1390-4ff1-9439-969c59e033ad" name="Not ContainsResult"><con:configuration><token>User authorized unsuccessfully.</token><ignoreCase>false</ignoreCase><useRegEx>false</useRegEx></con:configuration></con:assertion><con:assertion type="Schema Compliance" id="13b3c005-37ff-4a10-8632-85b3aea5aafe" name="Schema Compliance"><con:configuration/></con:assertion><con:credentials><con:authType>No Authorization</con:authType></con:credentials><con:jmsConfig JMSDeliveryMode="PERSISTENT"/><con:jmsPropertyConfig/><con:parameters/></con:restRequest></con:config></con:testStep><con:testStep type="restrequest" name="Authorized" id="ce3cd433-1aed-447e-8799-f4a74c69a349"><con:settings/><con:config service="https://bookstore.toolsqa.com" resourcePath="/Account/v1/Authorized" methodName="Method 1" xsi:type="con:RestRequestStep" xmlns:xsi="http://www.w3.org/2001/XMLSchema-instance"><con:restRequest name="Authorized" id="48d6bb5f-b2f5-4846-9ad1-98fae6352472" mediaType="application/json" postQueryString="false"><con:settings><con:setting id="com.eviware.soapui.impl.wsdl.WsdlRequest@request-headers">&lt;xml-fragment/></con:setting></con:settings><con:endpoint>https://bookstore.toolsqa.com</con:endpoint><con:request>{
  "userName": "${#TestSuite#userName}${#TestCase#rnd}",
  "password": "${#TestSuite#password}"
}</con:request><con:originalUri>https://bookstore.toolsqa.com/Account/v1/Authorized</con:originalUri><con:assertion type="Valid HTTP Status Codes" id="e72ae16b-13af-4e85-8466-699c3a2203af" name="Valid HTTP Status Codes"><con:configuration><codes>200</codes></con:configuration></con:assertion><con:assertion type="Simple Contains" id="a4205798-0a00-457e-a50d-c31b771abdae" name="Contains"><con:configuration><token>true</token><ignoreCase>false</ignoreCase><useRegEx>false</useRegEx></con:configuration></con:assertion><con:assertion type="Simple NotContains" id="20d50002-d526-47cb-b57a-9cebcf9c590f" name="Not Contains"><con:configuration><token>fales</token><ignoreCase>false</ignoreCase><useRegEx>false</useRegEx></con:configuration></con:assertion><con:credentials><con:authType>No Authorization</con:authType></con:credentials><con:jmsConfig JMSDeliveryMode="PERSISTENT"/><con:jmsPropertyConfig/><con:parameters/></con:restRequest></con:config></con:testStep><con:testStep type="restrequest" name="getUser" id="e0af31d2-eae9-44d4-a452-7360c221149e"><con:settings/><con:config service="https://bookstore.toolsqa.com" resourcePath="/Account/v1/User/{userID}" methodName="Method 1" xsi:type="con:RestRequestStep" xmlns:xsi="http://www.w3.org/2001/XMLSchema-instance"><con:restRequest name="getUser" id="145f1ac0-8b6b-4764-ba27-90cc91ddd860" mediaType="application/json"><con:settings><con:setting id="com.eviware.soapui.impl.wsdl.WsdlRequest@request-headers">&lt;xml-fragment/></con:setting></con:settings><con:endpoint>https://bookstore.toolsqa.com</con:endpoint><con:request/><con:originalUri>https://bookstore.toolsqa.com/Account/v1/User/7dc3d965-5ad6-4a9c-b044-f738a48cdd14</con:originalUri><con:assertion type="Valid HTTP Status Codes" id="b6b460ab-9e43-4100-9b57-04ddecc1045e" name="Valid HTTP Status Codes"><con:configuration><codes>200</codes></con:configuration></con:assertion><con:credentials><con:username>${#TestSuite#userName}${#TestCase#rnd}</con:username><con:password>${#TestSuite#password}</con:password><con:selectedAuthProfile>Basic</con:selectedAuthProfile><con:addedBasicAuthenticationTypes>Basic</con:addedBasicAuthenticationTypes><con:preemptive>true</con:preemptive><con:authType>Preemptive</con:authType></con:credentials><con:jmsConfig JMSDeliveryMode="PERSISTENT"/><con:jmsPropertyConfig/><con:parameters><entry key="userID" value="${#TestCase#userId}" xmlns="http://eviware.com/soapui/config"/></con:parameters><con:parameterOrder><con:entry>userID</con:entry></con:parameterOrder></con:restRequest></con:config></con:testStep><con:testStep type="restrequest" name="deleteUser" id="57a66b9f-b315-4989-b30f-8fe8b79e9bf7"><con:settings/><con:config service="https://bookstore.toolsqa.com" resourcePath="/Account/v1/User/{userID}" methodName="Method 1" xsi:type="con:RestRequestStep" xmlns:xsi="http://www.w3.org/2001/XMLSchema-instance"><con:restRequest name="deleteUser" id="e9f3f99d-4f79-488f-b60e-762c0bdce56e" mediaType="application/json" postQueryString="false"><con:settings><con:setting id="com.eviware.soapui.impl.wsdl.WsdlRequest@request-headers">&lt;xml-fragment/></con:setting></con:settings><con:endpoint>https://bookstore.toolsqa.com</con:endpoint><con:request/><con:originalUri>https://bookstore.toolsqa.com/Account/v1/User/7dc3d965-5ad6-4a9c-b044-f738a48cdd14</con:originalUri><con:assertion type="Valid HTTP Status Codes" id="3a49dc10-b555-4c5c-bdb3-924dffc2f416" name="Valid HTTP Status Codes"><con:configuration><codes>204</codes></con:configuration></con:assertion><con:credentials><con:username>${#TestSuite#userName}${#TestCase#rnd}</con:username><con:password>${#TestSuite#password}</con:password><con:selectedAuthProfile>Basic</con:selectedAuthProfile><con:addedBasicAuthenticationTypes>Basic</con:addedBasicAuthenticationTypes><con:preemptive>true</con:preemptive><con:authType>Preemptive</con:authType></con:credentials><con:jmsConfig JMSDeliveryMode="PERSISTENT"/><con:jmsPropertyConfig/><con:parameters><entry key="userID" value="${#TestCase#userId}" xmlns="http://eviware.com/soapui/config"/></con:parameters><con:parameterOrder><con:entry>userID</con:entry></con:parameterOrder></con:restRequest></con:config></con:testStep><con:testStep type="groovy" name="Groovy Script" id="8e2e672a-d294-4d5d-ad59-24fbb3a1f863"><con:settings/><con:config><script>testRunner.testCase.setPropertyValue( "rnd",((int)(Math.random()*100)).toString());</script></con:config></con:testStep><con:loadTest id="2608c175-d35f-45c2-a2fd-a7ff268d9e42" name="LoadTest 1"><con:settings><con:setting id="HttpSettings@close-connections">false</con:setting></con:settings><con:threadCount>5</con:threadCount><con:startDelay>0</con:startDelay><con:sampleInterval>250</con:sampleInterval><con:calculateTPSOnTimePassed>true</con:calculateTPSOnTimePassed><con:resetStatisticsOnThreadCountChange>true</con:resetStatisticsOnThreadCountChange><con:historyLimit>-1</con:historyLimit><con:testLimit>60</con:testLimit><con:limitType>TIME</con:limitType><con:loadStrategy><con:type>Simple</con:type></con:loadStrategy><con:assertion type="Step Status" name="Step Status"/><con:maxAssertionErrors>100</con:maxAssertionErrors><con:cancelExcessiveThreads>true</con:cancelExcessiveThreads><con:strategyInterval>500</con:strategyInterval></con:loadTest><con:setupScript>testRunner.testCase.setPropertyValue( "rnd",((int)(Math.random()*1000)).toString());</con:setupScript><con:properties><con:property><con:name>userId</con:name><con:value>6284077f-457b-4138-84a3-ca10eb2dc20d</con:value></con:property><con:property><con:name>rnd</con:name><con:value>63</con:value></con:property></con:properties></con:testCase><con:properties><con:property><con:name>userName</con:name><con:value>prasad</con:value></con:property><con:property><con:name>password</con:name><con:value>RMprasad@123</con:value></con:property></con:properties></con:testSuite><con:testSuite id="090d0a11-5d0b-42ad-9aa4-55c3e73eb118" name="BookStoreModule"><con:settings/><con:runType>SEQUENTIAL</con:runType><con:testCase id="8757deae-f1ae-492c-8656-e38727af3a3e" failOnError="true" failTestCaseOnErrors="true" keepSession="false" maxResults="0" name="bookStore" searchProperties="true"><con:settings/><con:testStep type="restrequest" name="Account" id="9fc591b4-43c5-48e3-b6b0-7e7bbdfe2b8a"><con:settings/><con:config service="https://bookstore.toolsqa.com" resourcePath="/Account/v1/User" methodName="bookAccount" xsi:type="con:RestRequestStep" xmlns:xsi="http://www.w3.org/2001/XMLSchema-instance"><con:restRequest name="Account" id="3ec94c10-a736-41fc-9c99-57b6ba812b6d" mediaType="application/json" postQueryString="false"><con:settings><con:setting id="com.eviware.soapui.impl.wsdl.WsdlRequest@request-headers">&lt;xml-fragment/></con:setting></con:settings><con:endpoint>https://bookstore.toolsqa.com</con:endpoint><con:request>{
  "userName": "${#TestSuite#userName}",
  "password": "${#TestSuite#password}"
}</con:request><con:originalUri>https://bookstore.toolsqa.com/Account/v1/User</con:originalUri><con:assertion type="Valid HTTP Status Codes" id="85afe28e-d079-4a62-bb1c-48215d46a825" name="Valid HTTP Status Codes"><con:configuration><codes>201</codes></con:configuration></con:assertion><con:credentials><con:authType>No Authorization</con:authType></con:credentials><con:jmsConfig JMSDeliveryMode="PERSISTENT"/><con:jmsPropertyConfig/><con:parameters/></con:restRequest></con:config></con:testStep><con:testStep type="restrequest" name="getListOf_isbnBooks" id="3f342652-dd41-4395-8bcb-727586145325"><con:settings/><con:config service="https://bookstore.toolsqa.com" resourcePath="/BookStore/v1/Books" methodName="bookLIst" xsi:type="con:RestRequestStep" xmlns:xsi="http://www.w3.org/2001/XMLSchema-instance"><con:restRequest name="getBookList" id="50283055-b5be-404f-abd1-948c4c6004ae" mediaType="application/json"><con:settings><con:setting id="com.eviware.soapui.impl.wsdl.WsdlRequest@request-headers">&lt;xml-fragment/></con:setting></con:settings><con:endpoint>https://bookstore.toolsqa.com</con:endpoint><con:request/><con:originalUri>https://bookstore.toolsqa.com/BookStore/v1/Books</con:originalUri><con:assertion type="Valid HTTP Status Codes" id="78570d58-1755-4a67-b694-91d27ba935f2" name="Valid HTTP Status Codes"><con:configuration><codes>200</codes></con:configuration></con:assertion><con:credentials><con:authType>No Authorization</con:authType></con:credentials><con:jmsConfig JMSDeliveryMode="PERSISTENT"/><con:jmsPropertyConfig/><con:parameters/></con:restRequest></con:config></con:testStep><con:testStep type="transfer" name="propertyTransfer" id="eeef1315-8fc5-47d4-97ec-18183655cd38"><con:settings/><con:config xsi:type="con:PropertyTransfersStep" xmlns:xsi="http://www.w3.org/2001/XMLSchema-instance"><con:transfers setNullOnMissingSource="true" transferTextContent="true" failOnError="true" ignoreEmpty="false" transferToAll="false" entitize="false" transferChildNodes="false"><con:name>userId</con:name><con:sourceType>Response</con:sourceType><con:sourceStep>Account</con:sourceStep><con:sourcePath>userID</con:sourcePath><con:targetType>userId</con:targetType><con:targetStep>#TestCase#</con:targetStep><con:type>JSONPATH</con:type><con:upgraded>true</con:upgraded></con:transfers><con:transfers setNullOnMissingSource="true" transferTextContent="true" failOnError="true" ignoreEmpty="false" transferToAll="false" entitize="false" transferChildNodes="false"><con:name>isbn1</con:name><con:sourceType>Response</con:sourceType><con:sourceStep>getListOf_isbnBooks</con:sourceStep><con:sourcePath>books[0].isbn</con:sourcePath><con:targetType>isbn1</con:targetType><con:targetStep>#TestCase#</con:targetStep><con:type>JSONPATH</con:type><con:upgraded>true</con:upgraded></con:transfers><con:transfers setNullOnMissingSource="true" transferTextContent="true" failOnError="true" ignoreEmpty="false" transferToAll="false" entitize="false" transferChildNodes="false"><con:name>isbn2</con:name><con:sourceType>Response</con:sourceType><con:sourceStep>getListOf_isbnBooks</con:sourceStep><con:sourcePath>books[1].isbn</con:sourcePath><con:targetType>isbn2</con:targetType><con:targetStep>#TestCase#</con:targetStep><con:type>JSONPATH</con:type><con:upgraded>true</con:upgraded></con:transfers></con:config></con:testStep><con:testStep type="restrequest" name="createBook" id="d67f876b-6ee6-40f3-b632-830241105f79"><con:settings/><con:config service="https://bookstore.toolsqa.com" resourcePath="/BookStore/v1/Books" methodName="bookCreate" xsi:type="con:RestRequestStep" xmlns:xsi="http://www.w3.org/2001/XMLSchema-instance"><con:restRequest name="createBook" id="874f77bb-2b30-4abb-bac1-e0ee2d6caacb" mediaType="application/json" postQueryString="false"><con:settings><con:setting id="com.eviware.soapui.impl.wsdl.WsdlRequest@request-headers">&lt;xml-fragment/></con:setting></con:settings><con:endpoint>https://bookstore.toolsqa.com</con:endpoint><con:request>{
  "userId": "${#TestCase#userId}",
  "collectionOfIsbns": [
    {
      "isbn": "${#TestCase#isbn1}"
    }
  ]
}</con:request><con:originalUri>https://bookstore.toolsqa.com/BookStore/v1/Books</con:originalUri><con:assertion type="Valid HTTP Status Codes" id="08936aa4-8cfa-4667-b2dd-34daeb04773e" name="Valid HTTP Status Codes"><con:configuration><codes>201</codes></con:configuration></con:assertion><con:credentials><con:username>${#TestSuite#userName}</con:username><con:password>${#TestSuite#password}</con:password><con:selectedAuthProfile>Basic</con:selectedAuthProfile><con:addedBasicAuthenticationTypes>Basic</con:addedBasicAuthenticationTypes><con:preemptive>true</con:preemptive><con:authType>Preemptive</con:authType></con:credentials><con:jmsConfig JMSDeliveryMode="PERSISTENT"/><con:jmsPropertyConfig/><con:parameters/></con:restRequest></con:config></con:testStep><con:testStep type="restrequest" name="getBook" id="c067eea9-e781-45c2-8a6b-610307f461f6"><con:settings/><con:config service="https://bookstore.toolsqa.com" resourcePath="/BookStore/v1/Book" methodName="bookGet" xsi:type="con:RestRequestStep" xmlns:xsi="http://www.w3.org/2001/XMLSchema-instance"><con:restRequest name="getBook" id="55aae807-d80e-4bd0-9792-b45f7ea21c42" mediaType="application/json"><con:settings><con:setting id="com.eviware.soapui.impl.wsdl.WsdlRequest@request-headers">&lt;xml-fragment/></con:setting></con:settings><con:endpoint>https://bookstore.toolsqa.com</con:endpoint><con:request/><con:originalUri>https://bookstore.toolsqa.com/BookStore/v1/Book</con:originalUri><con:assertion type="Valid HTTP Status Codes" id="a85693c1-136b-4faf-8fc6-068b25e9ebe3" name="Valid HTTP Status Codes"><con:configuration><codes>200</codes></con:configuration></con:assertion><con:credentials><con:authType>No Authorization</con:authType></con:credentials><con:jmsConfig JMSDeliveryMode="PERSISTENT"/><con:jmsPropertyConfig/><con:parameters><entry key="ISBN" value="${#TestCase#isbn1}" xmlns="http://eviware.com/soapui/config"/></con:parameters></con:restRequest></con:config></con:testStep><con:testStep type="restrequest" name="updateBook" id="9ef2e00e-b530-4541-bb4f-9e8eb0a7a2e1"><con:settings/><con:config service="https://bookstore.toolsqa.com" resourcePath="/BookStore/v1/Books/{ISBN}" methodName="bookUpdate" xsi:type="con:RestRequestStep" xmlns:xsi="http://www.w3.org/2001/XMLSchema-instance"><con:restRequest name="updateBook" id="98fefda1-8ebc-4d54-9f4c-8396fbae8cdc" mediaType="application/json" postQueryString="false"><con:settings><con:setting id="com.eviware.soapui.impl.wsdl.WsdlRequest@request-headers">&lt;xml-fragment/></con:setting></con:settings><con:endpoint>https://bookstore.toolsqa.com</con:endpoint><con:request>{
  "userId": "${#TestCase#userId}",
  "isbn": "${#TestCase#isbn2}"
}</con:request><con:originalUri>https://bookstore.toolsqa.com/BookStore/v1/Books/9781449325862</con:originalUri><con:assertion type="Valid HTTP Status Codes" id="930ea675-eed3-4dbe-9fd1-ec2c60fbf18a" name="Valid HTTP Status Codes"><con:configuration><codes>200</codes></con:configuration></con:assertion><con:credentials><con:username>${#TestSuite#userName}</con:username><con:password>${#TestSuite#password}</con:password><con:selectedAuthProfile>Basic</con:selectedAuthProfile><con:addedBasicAuthenticationTypes>Basic</con:addedBasicAuthenticationTypes><con:preemptive>true</con:preemptive><con:authType>Preemptive</con:authType></con:credentials><con:jmsConfig JMSDeliveryMode="PERSISTENT"/><con:jmsPropertyConfig/><con:parameters><entry key="ISBN" value="${#TestCase#isbn1}" xmlns="http://eviware.com/soapui/config"/></con:parameters><con:parameterOrder><con:entry>ISBN</con:entry></con:parameterOrder></con:restRequest></con:config></con:testStep><con:testStep type="restrequest" name="deleteBook" id="8dd0b859-f6f9-4a19-8f4c-041f12914276"><con:settings/><con:config service="https://bookstore.toolsqa.com" resourcePath="/BookStore/v1/Book" methodName="bookDelete" xsi:type="con:RestRequestStep" xmlns:xsi="http://www.w3.org/2001/XMLSchema-instance"><con:restRequest name="deleteBook" id="d75aaf29-4f88-4e00-b3d4-3329a97ea402" mediaType="application/json" postQueryString="false"><con:settings><con:setting id="com.eviware.soapui.impl.wsdl.WsdlRequest@request-headers">&lt;xml-fragment/></con:setting></con:settings><con:endpoint>https://bookstore.toolsqa.com</con:endpoint><con:request>{
  "userId": "${#TestCase#userId}",
  "isbn": "${#TestCase#isbn2}"
}</con:request><con:originalUri>https://bookstore.toolsqa.com/BookStore/v1/Book</con:originalUri><con:assertion type="Valid HTTP Status Codes" id="fc124cf2-078d-49c4-94bf-1b0746fba27a" name="Valid HTTP Status Codes"><con:configuration><codes>204</codes></con:configuration></con:assertion><con:credentials><con:username>${#TestSuite#userName}</con:username><con:password>${#TestSuite#password}</con:password><con:selectedAuthProfile>Basic</con:selectedAuthProfile><con:addedBasicAuthenticationTypes>Basic</con:addedBasicAuthenticationTypes><con:preemptive>true</con:preemptive><con:authType>Preemptive</con:authType></con:credentials><con:jmsConfig JMSDeliveryMode="PERSISTENT"/><con:jmsPropertyConfig/><con:parameters/></con:restRequest></con:config></con:testStep><con:testStep type="restrequest" name="deleteUserBook" id="12d1bcb1-93e1-4b54-8eb1-823545649e13"><con:settings/><con:config service="https://bookstore.toolsqa.com" resourcePath="/BookStore/v1/Books" methodName="bookUserDelete" xsi:type="con:RestRequestStep" xmlns:xsi="http://www.w3.org/2001/XMLSchema-instance"><con:restRequest name="deleteUserBook" id="dd038555-240a-472d-a364-4b1dd28e55d0" mediaType="application/json" postQueryString="false"><con:settings><con:setting id="com.eviware.soapui.impl.wsdl.WsdlRequest@request-headers">&lt;xml-fragment/></con:setting></con:settings><con:endpoint>https://bookstore.toolsqa.com</con:endpoint><con:request/><con:originalUri>https://bookstore.toolsqa.com/BookStore/v1/Books</con:originalUri><con:assertion type="Valid HTTP Status Codes" id="c0fa1835-3bce-4ac7-a5d5-9ee129065995" name="Valid HTTP Status Codes"><con:configuration><codes>204</codes></con:configuration></con:assertion><con:credentials><con:username>${#TestSuite#userName}</con:username><con:password>${#TestSuite#password}</con:password><con:selectedAuthProfile>Basic</con:selectedAuthProfile><con:addedBasicAuthenticationTypes>Basic</con:addedBasicAuthenticationTypes><con:preemptive>true</con:preemptive><con:authType>Preemptive</con:authType></con:credentials><con:jmsConfig JMSDeliveryMode="PERSISTENT"/><con:jmsPropertyConfig/><con:parameters><entry key="UserId" value="${#TestCase#userId}" xmlns="http://eviware.com/soapui/config"/></con:parameters></con:restRequest></con:config></con:testStep><con:testStep type="restrequest" name="deleteAccount" id="d1c3030d-f1cb-43af-814e-050c2b27d597"><con:settings/><con:config service="https://bookstore.toolsqa.com" resourcePath="/Account/v1/User/{userId}" methodName="bookAccountDelete" xsi:type="con:RestRequestStep" xmlns:xsi="http://www.w3.org/2001/XMLSchema-instance"><con:restRequest name="deleteAccount" id="ca149350-5496-4b90-9ba6-0c5f6873b33a" mediaType="application/json" postQueryString="false"><con:settings><con:setting id="com.eviware.soapui.impl.wsdl.WsdlRequest@request-headers">&lt;xml-fragment/></con:setting></con:settings><con:endpoint>https://bookstore.toolsqa.com</con:endpoint><con:request/><con:originalUri>https://bookstore.toolsqa.com/Account/v1/User/d0bdb94f-4f62-4150-8446-01b2ba2e7611</con:originalUri><con:assertion type="Valid HTTP Status Codes" id="639423a9-c818-4f2e-a75b-82e0df1880ec" name="Valid HTTP Status Codes"><con:configuration><codes>204</codes></con:configuration></con:assertion><con:credentials><con:username>${#TestSuite#userName}</con:username><con:password>${#TestSuite#password}</con:password><con:selectedAuthProfile>Basic</con:selectedAuthProfile><con:addedBasicAuthenticationTypes>Basic</con:addedBasicAuthenticationTypes><con:preemptive>true</con:preemptive><con:authType>Preemptive</con:authType></con:credentials><con:jmsConfig JMSDeliveryMode="PERSISTENT"/><con:jmsPropertyConfig/><con:parameters><entry key="userId" value="${#TestCase#userId}" xmlns="http://eviware.com/soapui/config"/></con:parameters></con:restRequest></con:config></con:testStep><con:properties><con:property><con:name>userId</con:name><con:value>76ebb14b-5871-44ec-865e-bdc9f7b59bb7</con:value></con:property><con:property><con:name>isbn1</con:name><con:value>9781449325862</con:value></con:property><con:property><con:name>isbn2</con:name><con:value>9781449331818</con:value></con:property></con:properties></con:testCase><con:properties><con:property><con:name>userName</con:name><con:value>prasad839</con:value></con:property><con:property><con:name>password</con:name><con:value>RMprasad@123</con:value></con:property></con:properties></con:testSuite><con:properties><con:property><con:name>userName</con:name><con:value>prasad453</con:value></con:property><con:property><con:name>password</con:name><con:value>RMprasad@123</con:value></con:property></con:properties><con:wssContainer/><con:oAuth2ProfileContainer/><con:oAuth1ProfileContainer/><con:sensitiveInformation/></con:soapui-project>