{
	"id": "ee47f0b3-8e5c-40e7-b8bd-383c03cf99be",
	"name": "UAT",
	"values": [
		{
			"key": "base_url",
			"value": "https://rahulshettyacademy.com",
			"type": "default",
			"enabled": true
		},
		{
			"key": "book_id",
			"value": "",
			"type": "default",
			"enabled": true
		},
		{
			"key": "orderID",
			"value": "",
			"type": "default",
			"enabled": true
		},
		{
			"key": "petstore_url",
			"value": "https://petstore.swagger.io/v2",
			"type": "default",
			"enabled": true
		},
		{
			"key": "orderPetID",
			"value": "",
			"type": "default",
			"enabled": true
		}
	],
	"_postman_variable_scope": "environment",
	"_postman_exported_at": "2023-11-23T06:15:15.204Z",
	"_postman_exported_using": "Postman/10.20.0"
}