{
	"id": "111126b7-d7eb-4802-8079-fcf8e1735dc0",
	"values": [
		{
			"key": "companyCode",
			"value": "RM",
			"type": "default",
			"enabled": true
		},
		{
			"key": "code",
			"value": "4%2F0AfJohXkcRnIiGE-V6Ah7Fw2j2kjUTovUlHvp9BSm41UTqmBa5KKbpodQh6cH1rlShmA22Q",
			"type": "default",
			"enabled": true
		},
		{
			"key": "access_token",
			"value": "",
			"type": "any",
			"enabled": true
		}
	],
	"name": "Globals",
	"_postman_variable_scope": "globals",
	"_postman_exported_at": "2023-11-20T10:17:28.262Z",
	"_postman_exported_using": "Postman/10.20.0"
}