{
	"info": {
		"_postman_id": "545291f7-85e2-4492-97d1-0015ca9a1c6e",
		"name": "sample",
		"schema": "https://schema.getpostman.com/json/collection/v2.1.0/collection.json",
		"_exporter_id": "30139961"
	},
	"item": [
		{
			"name": "user",
			"request": {
				"method": "POST",
				"header": [],
				"body": {
					"mode": "raw",
					"raw": "{\r\n  \"userName\": \"kanma\",\r\n  \"password\": \"Kanma@12\"\r\n}",
					"options": {
						"raw": {
							"language": "json"
						}
					}
				},
				"url": {
					"raw": "https://demoqa.com/Account/v1/User",
					"protocol": "https",
					"host": [
						"demoqa",
						"com"
					],
					"path": [
						"Account",
						"v1",
						"User"
					]
				}
			},
			"response": []
		},
		{
			"name": "generateToken",
			"request": {
				"method": "POST",
				"header": [],
				"body": {
					"mode": "raw",
					"raw": "{\r\n  \"userName\": \"kanma\",\r\n  \"password\": \"Kanma@12\"\r\n}",
					"options": {
						"raw": {
							"language": "json"
						}
					}
				},
				"url": {
					"raw": "https://demoqa.com/Account/v1/GenerateToken",
					"protocol": "https",
					"host": [
						"demoqa",
						"com"
					],
					"path": [
						"Account",
						"v1",
						"GenerateToken"
					]
				}
			},
			"response": []
		},
		{
			"name": "Authorizatuion",
			"request": {
				"method": "POST",
				"header": [
					{
						"key": "Authorization",
						"value": "eyJhbGciOiJIUzI1NiIsInR5cCI6IkpXVCJ9.eyJ1c2VyTmFtZSI6Imthbm1hIiwicGFzc3dvcmQiOiJLYW5tYUAxMiIsImlhdCI6MTcwNTMxNzc2OH0.lhL6FsNJLuDWccNNilMUA3LwJcN-uRSTGdmZm4cr0mQ",
						"type": "text"
					}
				],
				"body": {
					"mode": "raw",
					"raw": "{\r\n  \"userName\": \"kanma\",\r\n  \"password\": \"Kanma@12\"\r\n}",
					"options": {
						"raw": {
							"language": "json"
						}
					}
				},
				"url": {
					"raw": "https://demoqa.com/Account/v1/Authorized",
					"protocol": "https",
					"host": [
						"demoqa",
						"com"
					],
					"path": [
						"Account",
						"v1",
						"Authorized"
					]
				}
			},
			"response": []
		},
		{
			"name": "getUser",
			"request": {
				"method": "GET",
				"header": [
					{
						"key": "Authorization",
						"value": "eyJhbGciOiJIUzI1NiIsInR5cCI6IkpXVCJ9.eyJ1c2VyTmFtZSI6Imthbm1hIiwicGFzc3dvcmQiOiJLYW5tYUAxMiIsImlhdCI6MTcwNTMxNzc2OH0.lhL6FsNJLuDWccNNilMUA3LwJcN-uRSTGdmZm4cr0mQ",
						"type": "text"
					},
					{
						"key": "Content-Type",
						"value": "application/json; charset=utf-8",
						"type": "text"
					}
				],
				"url": {
					"raw": "https://demoqa.com/Account/v1/User/7e4f471d-95ef-4cc4-9855-2fc8ece088fa",
					"protocol": "https",
					"host": [
						"demoqa",
						"com"
					],
					"path": [
						"Account",
						"v1",
						"User",
						"7e4f471d-95ef-4cc4-9855-2fc8ece088fa"
					]
				}
			},
			"response": []
		}
	]
}